;;;;;;;;;;;;;;;;;;;;;;;;;;;;;;;;;;;;;;;;;;;;;;;;;;;;;;;;;;;;;;;;;;;;;;;;;;;;;;
;;;;;;;;;;;;;;;;;;;;;;;;;;;;;;;;;;;;;;;;;;;;;;;;;;;;;;;;;;;;;;;;;;;;;;;;;;;;;;
Koebenhavn;1987;1988;1989;1990;1991;1992;1993;1994;1995;1996;1997;1998;1999;2000;2001;2002;2003;2004;2005;2006;2007;2008;2009;2010;2011;2012;2013;2014;2015;2016;2017;2018;2019;2020;2021;2022;2023;2024;;;;;;;;;;;;;;;;;;;;;;;;;;;;;;;;;;;;;;;;
1. decil;48033;50537;51876;52764;53742;55011;55553;59815;62769;64435;64970;67601;69088;70501;72254;75800;77355;78653;80139;83377;83882;83967;84329;86391;88177;90301;91115;93282;95463;96368;96230;99136;102915;105623;112846;115132;119846;126183;;;;;;;;;;;;;;;;;;;;;;;;;;;;;;;;;;;;;;;;
2. decil;56007;59287;62703;64313;66123;67668;68819;73349;75503;77227;79068;82455;84775;87213;89615;94380;97155;99411;101995;106391;109287;111169;113731;117717;119160;121773;122906;125607;127986;129883;130693;135371;139818;144671;153234;157777;166135;174448;;;;;;;;;;;;;;;;;;;;;;;;;;;;;;;;;;;;;;;;
3. decil;64221;67743;71221;73074;74846;76573;77821;82748;84725;86887;88941;92903;95840;99017;102238;107726;111030;114487;118396;123189;127192;130911;134014;139491;141389;144031;146024;149618;152796;155733;159208;165299;170964;176966;185880;191853;201998;212552;;;;;;;;;;;;;;;;;;;;;;;;;;;;;;;;;;;;;;;;
4. decil;72694;76561;79905;81940;83443;85490;86917;91738;94354;97027;99476;104309;108250;112297;116348;122527;126173;130914;135374;141147;145764;150408;154625;161154;163795;166555;169715;174342;177969;182780;187761;194962;201571;209917;219780;226010;237449;251678;;;;;;;;;;;;;;;;;;;;;;;;;;;;;;;;;;;;;;;;
5. decil;81759;86148;89535;91770;92927;95441;97187;102088;105397;108772;111535;117466;122298;127440;132491;139188;143054;149917;154968;161485;166159;172088;177500;185667;188945;192256;196413;201960;206780;212477;218418;226889;234677;246304;256691;262415;274711;291834;;;;;;;;;;;;;;;;;;;;;;;;;;;;;;;;;;;;;;;;
6. decil;90537;95567;99168;101739;102980;105917;107951;113533;117572;121805;124910;131622;137550;143843;149662;156891;161577;170958;176967;183651;188788;195458;202153;213073;217158;220898;226123;232797;238198;244834;251640;260965;269601;284468;295813;300307;314238;334388;;;;;;;;;;;;;;;;;;;;;;;;;;;;;;;;;;;;;;;;
7. decil;99818;105267;109335;112276;113791;117213;119729;126349;130949;136213;139740;147618;154375;162058;168477;176235;181995;193291;200623;207680;213054;220567;228915;243955;249060;253734;260216;267990;274148;282509;290767;301729;311358;328341;342339;345360;362097;384655;;;;;;;;;;;;;;;;;;;;;;;;;;;;;;;;;;;;;;;;
8. decil;110721;116856;121506;125201;127014;131040;134264;141910;147543;153859;158168;167217;174679;183674;191328;200246;207556;220733;229977;237912;243408;251709;261126;282466;289254;295065;304805;314366;321491;331097;341385;353452;364578;385038;401856;403692;424994;450860;;;;;;;;;;;;;;;;;;;;;;;;;;;;;;;;;;;;;;;;
9. decil;127170;134048;139597;144450;147190;151944;156665;165784;173012;181228;187431;198443;207037;218348;227799;238298;248384;264719;277266;287216;293507;302325;312661;344212;353505;362206;375681;387466;397473;410100;423320;437078;451445;477076;502008;500337;531677;563559;;;;;;;;;;;;;;;;;;;;;;;;;;;;;;;;;;;;;;;;
;;;;;;;;;;;;;;;;;;;;;;;;;;;;;;;;;;;;;;;;;;;;;;;;;;;;;;;;;;;;;;;;;;;;;;;;;;;;;;
;1987;1988;1989;1990;1991;1992;1993;1994;1995;1996;1997;1998;1999;2000;2001;2002;2003;2004;2005;2006;2007;2008;2009;2010;2011;2012;2013;2014;2015;2016;2017;2018;2019;2020;2021;2022;2023;2024;;;;;;;;;;;;;;;;;;;;;;;;;;;;;;;;;;;;;;;;
Aarhus;;;;;;;;;;;;;;;;;;;;;;;;;;;;;;;;;;;;;;;;;;;;;;;;;;;;;;;;;;;;;;;;;;;;;;;;;;;;;;
1. decil;50 762;53 010;55 641;56 573;58 216;59 138;59 298;63 914;66 450;67 468;68 626;70 927;72 458;74 555;76 627;80 852;83 298;85 118;86 672;89 370;91 305;92 691;93 806;96 957;96 692;97 681;97 885;100 982;102 606;102 937;103 236;105 746;107 105;111 347;117 377;116 625;122 070;128 331;;;;;;;;;;;;;;;;;;;;;;;;;;;;;;;;;;;;;;;;
2. decil;63 065;66 199;69 786;71 289;73 469;74 810;75 342;80 574;82 912;83 958;86 123;89 000;91 376;93 865;96 650;102 392;105 660;108 864;112 072;116 203;119 673;122 762;125 603;130 879;131 802;133 692;134 915;138 236;139 987;140 330;140 902;145 101;147 282;152 347;159 707;161 976;168 716;176 252;;;;;;;;;;;;;;;;;;;;;;;;;;;;;;;;;;;;;;;;
3. decil;71 785;75 250;79 339;81 213;83 741;85 612;87 190;92 188;95 105;97 042;99 532;103 435;106 377;109 265;112 789;119 476;123 025;127 171;131 259;135 520;139 784;144 129;147 383;154 413;155 846;158 483;160 948;164 765;167 207;169 179;172 516;176 728;180 277;185 633;191 492;194 885;203 285;211 085;;;;;;;;;;;;;;;;;;;;;;;;;;;;;;;;;;;;;;;;
4. decil;80 138;83 984;88 337;90 827;93 752;96 345;98 336;104 277;108 084;110 748;113 750;118 575;122 339;126 201;130 201;136 632;140 823;146 724;151 831;156 204;160 820;165 942;170 036;179 355;181 531;184 537;187 408;191 968;194 849;197 881;202 212;207 579;211 927;219 535;227 041;229 566;237 493;247 318;;;;;;;;;;;;;;;;;;;;;;;;;;;;;;;;;;;;;;;;
5. decil;87 634;92 188;96 787;99 725;103 692;106 798;109 344;116 465;120 930;124 571;128 009;133 652;137 743;142 054;146 410;153 286;158 066;166 228;172 402;176 913;182 204;187 897;193 399;205 643;209 650;213 115;216 749;222 502;225 924;229 830;235 012;241 229;246 638;257 069;265 810;267 065;275 015;285 869;;;;;;;;;;;;;;;;;;;;;;;;;;;;;;;;;;;;;;;;
6. decil;95 143;100 221;105 475;108 997;113 471;117 106;120 223;128 344;133 646;137 942;142 076;148 388;153 199;157 707;162 644;169 980;175 454;185 542;193 078;198 038;203 851;210 138;216 647;232 723;238 307;242 569;247 444;254 545;258 320;264 123;270 650;277 687;283 804;297 376;307 046;307 231;314 023;325 556;;;;;;;;;;;;;;;;;;;;;;;;;;;;;;;;;;;;;;;;
7. decil;103 544;109 094;115 166;119 237;124 336;128 380;132 196;141 595;147 518;152 589;157 284;164 436;169 874;174 944;180 485;188 392;194 696;206 171;215 673;221 322;227 902;234 668;242 267;262 495;269 399;274 522;281 497;289 801;294 253;300 823;309 291;316 936;323 815;340 002;352 108;351 085;357 286;370 342;;;;;;;;;;;;;;;;;;;;;;;;;;;;;;;;;;;;;;;;
8. decil;114 161;120 461;127 563;132 332;138 342;142 833;147 463;157 973;164 984;170 946;177 014;185 277;190 825;196 418;202 963;211 664;219 178;232 357;243 939;250 803;257 835;265 218;273 936;299 535;307 209;313 966;323 115;332 928;338 943;346 831;356 080;365 030;372 664;391 453;407 065;404 375;412 712;427 924;;;;;;;;;;;;;;;;;;;;;;;;;;;;;;;;;;;;;;;;
9. decil;131 170;138 757;147 093;153 339;161 121;166 384;171 861;184 686;193 397;200 983;208 747;219 354;225 959;232 696;240 995;250 152;259 331;274 976;290 883;298 985;308 283;314 488;323 989;360 393;369 580;378 337;390 003;402 686;412 196;422 239;434 337;445 401;454 775;477 549;501 837;496 679;511 285;529 517;;;;;;;;;;;;;;;;;;;;;;;;;;;;;;;;;;;;;;;;
;;;;;;;;;;;;;;;;;;;;;;;;;;;;;;;;;;;;;;;;;;;;;;;;;;;;;;;;;;;;;;;;;;;;;;;;;;;;;;
;1987;1988;1989;1990;1991;1992;1993;1994;1995;1996;1997;1998;1999;2000;2001;2002;2003;2004;2005;2006;2007;2008;2009;2010;2011;2012;2013;2014;2015;2016;2017;2018;2019;2020;2021;2022;2023;2024;;;;;;;;;;;;;;;;;;;;;;;;;;;;;;;;;;;;;;;;
Odense;;;;;;;;;;;;;;;;;;;;;;;;;;;;;;;;;;;;;;;;;;;;;;;;;;;;;;;;;;;;;;;;;;;;;;;;;;;;;;
1. decil;51 931;54 478;57 997;58 457;60 135;61 817;62 466;66 439;68 951;70 379;72 713;74 800;76 767;78 930;80 760;85 665;87 796;89 161;91 085;94 687;99 269;100 745;102 573;106 371;105 236;107 436;106 660;106 284;106 299;106 513;105 668;108 718;110 559;115 016;122 359;125 904;132 150;138 733;;;;;;;;;;;;;;;;;;;;;;;;;;;;;;;;;;;;;;;;
2. decil;62 030;65 774;69 518;71 001;73 396;75 410;76 369;81 197;83 300;84 962;87 527;90 517;93 064;95 437;98 296;103 806;106 375;110 334;113 414;117 163;123 150;126 015;129 405;135 453;136 172;138 347;138 548;139 773;140 382;141 331;141 038;145 669;149 031;154 611;162 242;166 417;174 761;182 224;;;;;;;;;;;;;;;;;;;;;;;;;;;;;;;;;;;;;;;;
3. decil;70 055;74 285;78 369;80 332;83 301;85 440;86 982;91 745;94 878;96 872;99 858;103 317;106 407;109 249;112 344;118 387;121 195;125 968;129 337;133 389;140 572;144 400;147 865;155 337;156 224;158 324;160 525;162 988;164 677;167 065;168 879;173 561;177 011;182 765;189 336;193 775;202 984;210 079;;;;;;;;;;;;;;;;;;;;;;;;;;;;;;;;;;;;;;;;
4. decil;77 556;82 397;86 614;89 158;92 537;94 993;96 953;102 704;106 356;109 275;112 378;116 733;120 203;123 815;127 365;133 321;136 631;143 203;147 194;151 300;158 891;163 587;167 911;177 213;177 281;179 559;181 731;185 441;187 129;189 829;192 786;197 788;202 133;210 339;217 959;222 233;232 600;241 431;;;;;;;;;;;;;;;;;;;;;;;;;;;;;;;;;;;;;;;;
5. decil;84 272;89 941;94 326;97 370;101 473;104 370;106 629;113 430;117 829;121 299;125 047;130 106;133 983;138 053;141 964;148 011;151 964;160 334;164 755;169 486;177 643;183 613;189 016;199 876;200 828;203 856;206 451;210 730;213 000;216 504;219 902;225 797;231 002;241 635;250 832;253 854;265 056;273 924;;;;;;;;;;;;;;;;;;;;;;;;;;;;;;;;;;;;;;;;
6. decil;91 005;97 266;102 117;105 643;110 561;113 612;116 239;124 185;128 844;133 222;137 276;142 961;147 391;151 874;156 071;162 405;166 653;176 743;182 343;187 433;196 372;202 796;209 748;222 820;225 085;228 130;231 742;237 593;240 051;244 798;249 079;255 930;262 055;274 941;284 971;286 864;298 618;307 490;;;;;;;;;;;;;;;;;;;;;;;;;;;;;;;;;;;;;;;;
7. decil;98 682;105 533;110 929;115 150;120 361;123 667;126 993;135 854;141 014;146 186;150 603;156 952;161 707;166 914;171 860;178 434;183 065;194 655;201 267;206 966;217 097;223 457;232 063;248 816;250 848;255 150;260 124;266 426;270 205;275 920;280 767;288 323;295 132;310 332;322 343;323 546;336 272;345 047;;;;;;;;;;;;;;;;;;;;;;;;;;;;;;;;;;;;;;;;
8. decil;108 262;115 958;122 062;127 083;133 315;136 840;140 635;150 492;156 684;162 584;168 133;175 458;180 275;185 894;192 031;199 043;204 342;217 171;225 216;231 494;243 435;249 643;259 779;280 331;283 101;287 885;295 228;303 155;307 898;314 362;320 967;329 702;336 443;354 073;367 985;368 173;383 639;393 124;;;;;;;;;;;;;;;;;;;;;;;;;;;;;;;;;;;;;;;;
9. decil;123 466;132 060;139 541;145 515;153 212;157 486;162 588;173 913;181 897;189 297;196 639;205 434;211 487;217 496;224 592;232 847;239 368;254 516;264 543;272 880;286 701;292 985;305 225;332 559;336 055;341 331;351 724;361 854;368 694;376 572;384 820;395 154;402 730;423 612;442 126;442 376;464 415;475 547;;;;;;;;;;;;;;;;;;;;;;;;;;;;;;;;;;;;;;;;
;;;;;;;;;;;;;;;;;;;;;;;;;;;;;;;;;;;;;;;;;;;;;;;;;;;;;;;;;;;;;;;;;;;;;;;;;;;;;;
;1987;1988;1989;1990;1991;1992;1993;1994;1995;1996;1997;1998;1999;2000;2001;2002;2003;2004;2005;2006;2007;2008;2009;2010;2011;2012;2013;2014;2015;2016;2017;2018;2019;2020;2021;2022;2023;2024;;;;;;;;;;;;;;;;;;;;;;;;;;;;;;;;;;;;;;;;
Aalborg;;;;;;;;;;;;;;;;;;;;;;;;;;;;;;;;;;;;;;;;;;;;;;;;;;;;;;;;;;;;;;;;;;;;;;;;;;;;;;
1. decil;51 939;54 598;58 800;60 481;63 036;64 639;65 507;70 968;73 565;75 340;77 512;80 153;81 736;83 591;85 260;90 093;92 436;95 176;96 605;99 558;102 121;103 073;105 983;110 427;110 317;111 479;109 831;109 457;109 966;110 099;110 679;114 421;116 750;120 119;127 494;131 154;137 031;145 644;;;;;;;;;;;;;;;;;;;;;;;;;;;;;;;;;;;;;;;;
2. decil;62 325;65 681;70 185;72 635;75 703;77 499;79 040;84 490;86 888;89 278;91 666;94 758;97 286;100 077;102 813;108 479;111 726;115 578;118 503;122 108;125 682;129 102;133 370;140 442;141 786;144 261;144 841;146 054;147 751;148 935;150 861;155 767;158 967;162 973;169 906;174 559;182 120;190 032;;;;;;;;;;;;;;;;;;;;;;;;;;;;;;;;;;;;;;;;
3. decil;71 052;74 664;79 108;81 928;85 332;87 445;89 524;95 257;98 386;101 520;104 198;107 974;111 132;114 308;117 866;123 627;127 192;132 043;135 358;139 519;143 342;147 832;151 929;160 121;161 775;164 519;166 408;168 609;171 324;173 487;176 695;181 676;185 339;190 585;196 893;202 244;210 865;218 441;;;;;;;;;;;;;;;;;;;;;;;;;;;;;;;;;;;;;;;;
4. decil;78 977;83 241;87 641;90 638;94 660;96 979;99 380;105 990;109 770;113 322;116 775;121 248;124 724;128 431;132 682;138 591;142 479;149 507;152 989;157 633;161 928;167 054;172 056;182 440;184 137;187 241;189 463;192 944;195 426;198 175;201 903;207 928;212 419;220 057;227 813;232 871;241 348;250 973;;;;;;;;;;;;;;;;;;;;;;;;;;;;;;;;;;;;;;;;
5. decil;85 989;90 904;95 652;98 807;103 331;106 034;108 800;116 140;120 351;124 577;128 478;133 525;137 522;141 723;146 332;152 617;157 004;165 633;169 961;174 723;179 568;185 363;192 158;204 322;206 412;210 294;213 178;217 611;220 788;224 548;229 165;235 884;240 964;251 431;260 433;264 038;272 481;283 031;;;;;;;;;;;;;;;;;;;;;;;;;;;;;;;;;;;;;;;;
6. decil;92 932;98 619;103 529;107 211;112 225;115 272;118 204;126 164;130 728;135 868;140 019;145 815;150 157;154 757;159 852;166 333;171 326;181 653;186 563;191 796;197 542;203 607;211 769;226 448;229 029;233 417;237 256;242 667;246 791;251 695;257 571;264 594;270 192;283 219;293 243;296 097;305 024;315 442;;;;;;;;;;;;;;;;;;;;;;;;;;;;;;;;;;;;;;;;
7. decil;100 685;106 963;112 410;116 343;122 128;125 270;128 720;137 521;142 534;148 392;152 807;159 634;164 289;169 529;175 254;181 893;187 754;199 072;204 634;210 940;217 456;223 804;233 647;251 098;254 315;259 594;264 016;270 186;275 574;281 132;288 525;296 791;302 838;318 481;329 554;331 692;341 109;352 294;;;;;;;;;;;;;;;;;;;;;;;;;;;;;;;;;;;;;;;;
8. decil;110 397;117 423;123 681;128 479;135 006;138 275;142 643;152 015;157 425;163 997;169 319;177 541;182 387;188 392;195 186;202 665;208 895;222 559;228 371;235 918;242 893;249 451;261 052;282 522;286 355;292 396;299 275;306 270;312 533;318 417;326 870;337 062;343 277;361 295;374 722;375 768;387 646;401 183;;;;;;;;;;;;;;;;;;;;;;;;;;;;;;;;;;;;;;;;
9. decil;125 749;134 088;141 503;147 135;155 225;158 908;164 876;175 287;182 241;189 915;197 076;206 366;212 483;219 635;228 298;236 551;243 489;260 908;268 647;277 395;286 167;291 587;305 604;333 423;338 034;345 380;354 615;364 296;372 048;378 259;390 196;402 467;408 929;431 068;449 730;451 494;466 363;481 560;;;;;;;;;;;;;;;;;;;;;;;;;;;;;;;;;;;;;;;;
;;;;;;;;;;;;;;;;;;;;;;;;;;;;;;;;;;;;;;;;;;;;;;;;;;;;;;;;;;;;;;;;;;;;;;;;;;;;;;
;1987;1988;1989;1990;1991;1992;1993;1994;1995;1996;1997;1998;1999;2000;2001;2002;2003;2004;2005;2006;2007;2008;2009;2010;2011;2012;2013;2014;2015;2016;2017;2018;2019;2020;2021;2022;2023;2024;;;;;;;;;;;;;;;;;;;;;;;;;;;;;;;;;;;;;;;;
Ringkoebing-Skjern;;;;;;;;;;;;;;;;;;;;;;;;;;;;;;;;;;;;;;;;;;;;;;;;;;;;;;;;;;;;;;;;;;;;;;;;;;;;;;
1. decil;50 859;54 683;59 087;61 700;66 113;67 919;69 886;77 381;80 775;82 604;84 490;86 588;89 018;92 670;95 910;99 345;101 971;106 789;109 183;114 161;116 575;115 974;119 797;128 857;131 867;135 450;137 749;140 765;141 390;142 080;146 774;149 840;153 660;160 120;165 180;169 292;171 752;176 853;;;;;;;;;;;;;;;;;;;;;;;;;;;;;;;;;;;;;;;;
2. decil;62 314;66 392;71 708;74 880;78 902;80 317;83 216;90 513;94 034;96 407;98 823;101 705;103 633;108 075;112 029;116 398;118 339;124 344;127 733;133 286;137 050;137 025;141 735;149 939;153 054;156 375;160 006;163 160;164 568;166 594;172 021;176 032;179 728;184 934;191 586;196 457;200 750;204 209;;;;;;;;;;;;;;;;;;;;;;;;;;;;;;;;;;;;;;;;
3. decil;70 922;74 952;80 471;83 782;88 229;90 067;93 584;101 691;105 786;108 446;111 430;114 867;117 345;122 752;126 720;130 994;133 420;140 819;146 198;151 891;155 356;155 926;160 090;170 086;172 321;176 330;179 681;183 877;185 833;188 154;193 803;197 997;202 206;209 365;217 539;221 606;225 171;230 536;;;;;;;;;;;;;;;;;;;;;;;;;;;;;;;;;;;;;;;;
4. decil;78 776;83 058;88 461;91 878;96 946;99 026;102 566;111 073;116 037;119 094;122 249;126 426;129 015;135 042;139 971;144 199;146 808;156 035;161 096;167 469;171 099;172 992;178 236;189 840;192 530;195 752;199 343;204 630;206 423;209 402;215 537;220 894;225 156;234 209;243 680;247 072;252 048;257 751;;;;;;;;;;;;;;;;;;;;;;;;;;;;;;;;;;;;;;;;
5. decil;85 645;90 502;95 775;99 750;104 853;107 660;111 230;120 358;125 598;129 202;132 075;136 785;140 038;146 304;152 097;156 139;159 115;170 099;175 013;181 771;185 665;188 245;194 292;207 636;209 921;213 771;218 105;223 834;226 059;229 678;236 398;243 071;247 540;257 241;269 043;271 574;276 645;282 617;;;;;;;;;;;;;;;;;;;;;;;;;;;;;;;;;;;;;;;;
6. decil;92 720;98 177;103 422;107 660;113 451;116 003;119 854;129 452;135 141;139 529;143 055;148 310;151 348;158 147;164 127;168 988;171 969;184 021;189 590;196 846;201 688;203 919;211 824;226 475;228 703;232 529;237 419;244 801;248 669;252 163;259 997;266 207;271 571;282 951;295 319;297 204;303 013;309 882;;;;;;;;;;;;;;;;;;;;;;;;;;;;;;;;;;;;;;;;
7. decil;100 489;106 448;112 146;116 562;122 603;125 739;130 351;140 153;146 339;151 310;155 484;161 041;164 182;171 616;178 398;183 759;186 912;200 384;206 957;214 732;220 400;222 391;230 530;247 352;249 886;254 590;259 321;268 532;272 374;277 171;284 815;293 469;298 901;313 875;326 989;327 962;334 820;344 806;;;;;;;;;;;;;;;;;;;;;;;;;;;;;;;;;;;;;;;;
8. decil;110 578;116 832;123 271;127 944;134 614;138 084;143 264;154 818;161 690;167 051;172 071;178 397;181 294;189 839;198 116;203 397;207 404;221 956;230 584;239 702;245 455;246 776;256 310;276 635;279 309;283 430;289 642;299 635;304 651;308 598;318 922;329 393;337 378;353 782;369 147;370 498;379 699;390 577;;;;;;;;;;;;;;;;;;;;;;;;;;;;;;;;;;;;;;;;
9. decil;126 596;133 714;140 840;146 326;155 097;159 148;165 143;178 215;187 815;194 287;201 724;208 230;210 857;220 991;231 349;236 866;241 324;262 741;272 062;283 604;289 722;288 696;299 988;326 262;329 896;335 856;344 329;357 577;361 515;366 153;380 221;389 602;398 753;420 988;441 334;443 082;455 875;469 201;;;;;;;;;;;;;;;;;;;;;;;;;;;;;;;;;;;;;;;;
;;;;;;;;;;;;;;;;;;;;;;;;;;;;;;;;;;;;;;;;;;;;;;;;;;;;;;;;;;;;;;;;;;;;;;;;;;;;;;
;1987;1988;1989;1990;1991;1992;1993;1994;1995;1996;1997;1998;1999;2000;2001;2002;2003;2004;2005;2006;2007;2008;2009;2010;2011;2012;2013;2014;2015;2016;2017;2018;2019;2020;2021;2022;2023;2024;;;;;;;;;;;;;;;;;;;;;;;;;;;;;;;;;;;;;;;;
Assens;;;;;;;;;;;;;;;;;;;;;;;;;;;;;;;;;;;;;;;;;;;;;;;;;;;;;;;;;;;;;;;;;;;;;;;;;;;;;;
1. decil;53 227;56 979;61 647;63 825;68 488;69 979;71 258;76 386;79 793;81 159;83 562;86 220;89 529;92 780;94 666;98 675;101 817;107 046;109 428;112 779;115 461;116 591;120 753;130 047;131 992;135 048;136 767;137 863;138 839;137 854;138 681;143 791;147 553;153 228;159 862;164 611;168 487;172 170;;;;;;;;;;;;;;;;;;;;;;;;;;;;;;;;;;;;;;;;
2. decil;62 618;66 904;72 261;74 574;79 038;80 583;82 658;88 064;91 260;93 003;95 823;99 109;102 468;106 038;108 757;113 376;116 977;121 913;124 846;128 768;132 712;135 195;139 562;148 775;150 812;154 132;157 217;159 802;161 098;162 588;165 831;170 480;174 361;180 356;186 027;191 756;196 840;199 111;;;;;;;;;;;;;;;;;;;;;;;;;;;;;;;;;;;;;;;;
3. decil;70 767;75 078;80 339;83 246;87 869;90 042;91 947;98 287;101 814;104 354;107 506;111 398;115 218;119 375;121 672;126 992;130 755;137 604;140 816;144 825;148 791;152 258;156 288;166 237;168 033;171 231;174 017;176 957;179 213;180 779;184 899;189 298;194 643;201 730;208 286;214 598;219 624;222 399;;;;;;;;;;;;;;;;;;;;;;;;;;;;;;;;;;;;;;;;
4. decil;78 118;82 831;87 840;90 931;95 668;98 430;100 594;107 465;111 614;114 246;118 196;122 824;127 054;131 499;134 072;139 388;143 898;151 549;155 056;159 703;164 062;168 246;173 028;184 337;186 926;189 844;193 215;196 389;198 949;201 360;206 381;211 764;217 891;226 245;234 226;239 152;244 247;249 127;;;;;;;;;;;;;;;;;;;;;;;;;;;;;;;;;;;;;;;;
5. decil;84 704;90 026;94 803;98 132;103 174;106 406;108 697;116 201;120 636;123 985;128 298;133 222;137 331;142 617;145 457;151 079;156 443;165 263;168 910;173 768;178 935;183 242;189 211;202 665;204 862;208 680;212 329;216 342;218 551;221 659;227 658;234 527;240 216;250 822;261 273;264 236;270 003;277 251;;;;;;;;;;;;;;;;;;;;;;;;;;;;;;;;;;;;;;;;
6. decil;91 081;97 140;102 370;105 790;110 874;114 416;116 988;124 780;129 696;133 880;138 286;143 574;148 446;154 223;157 222;163 305;168 436;178 582;183 258;188 743;193 107;199 101;206 285;221 159;223 629;227 111;232 696;236 536;240 197;243 412;250 076;258 405;264 773;277 015;288 431;290 240;296 592;303 492;;;;;;;;;;;;;;;;;;;;;;;;;;;;;;;;;;;;;;;;
7. decil;98 485;104 702;110 060;113 900;119 845;123 319;126 617;134 934;140 729;145 324;149 716;156 499;161 034;167 203;171 289;177 514;182 839;194 514;198 846;205 495;210 889;217 018;225 440;242 515;244 735;250 364;255 405;261 314;265 302;270 711;277 758;286 230;291 509;306 207;318 319;320 793;327 087;334 521;;;;;;;;;;;;;;;;;;;;;;;;;;;;;;;;;;;;;;;;
8. decil;107 683;114 449;120 290;124 713;131 355;135 173;139 237;148 773;154 573;160 450;165 270;172 330;178 165;184 364;189 813;195 611;202 140;215 523;220 033;227 455;233 929;239 888;250 540;270 339;274 086;279 271;285 294;293 163;298 416;302 700;311 834;320 546;327 190;343 685;358 287;361 301;368 424;375 018;;;;;;;;;;;;;;;;;;;;;;;;;;;;;;;;;;;;;;;;
9. decil;121 875;129 800;135 619;141 901;149 357;153 925;158 862;169 644;176 417;183 887;191 284;199 404;205 953;213 603;221 373;228 013;234 995;249 459;255 478;265 008;273 639;278 426;290 505;314 859;318 112;327 506;335 723;343 053;350 209;356 856;368 179;377 518;386 861;407 230;425 079;425 546;437 056;445 925;;;;;;;;;;;;;;;;;;;;;;;;;;;;;;;;;;;;;;;;
;;;;;;;;;;;;;;;;;;;;;;;;;;;;;;;;;;;;;;;;;;;;;;;;;;;;;;;;;;;;;;;;;;;;;;;;;;;;;;
;1987;1988;1989;1990;1991;1992;1993;1994;1995;1996;1997;1998;1999;2000;2001;2002;2003;2004;2005;2006;2007;2008;2009;2010;2011;2012;2013;2014;2015;2016;2017;2018;2019;2020;2021;2022;2023;2024;;;;;;;;;;;;;;;;;;;;;;;;;;;;;;;;;;;;;;;;
Gentofte;;;;;;;;;;;;;;;;;;;;;;;;;;;;;;;;;;;;;;;;;;;;;;;;;;;;;;;;;;;;;;;;;;;;;;;;;;;;;;
1. decil;57 517;59 886;63 723;63 717;66 549;67 709;69 892;75 784;79 475;82 340;85 764;89 229;92 196;95 334;98 657;104 210;106 584;110 931;117 785;117 549;117 494;114 473;116 929;128 316;131 137;137 808;137 497;140 130;141 034;140 531;137 794;145 679;152 205;155 517;166 062;163 326;171 631;179 523;;;;;;;;;;;;;;;;;;;;;;;;;;;;;;;;;;;;;;;;
2. decil;75 926;78 369;82 493;83 573;87 134;89 520;92 039;99 437;103 120;107 608;111 686;116 253;121 302;125 826;131 549;138 001;142 174;149 478;158 697;159 153;159 907;157 801;161 024;174 255;177 753;183 995;187 078;191 707;194 013;197 070;198 940;206 177;213 341;220 128;232 360;229 413;238 733;252 409;;;;;;;;;;;;;;;;;;;;;;;;;;;;;;;;;;;;;;;;
3. decil;90 424;94 469;98 755;100 973;104 589;108 052;111 193;120 164;124 498;130 220;135 430;140 944;146 871;152 442;159 496;167 826;172 800;182 756;194 645;196 396;196 929;196 899;199 189;217 827;223 993;231 911;235 637;242 905;246 960;249 700;253 489;261 732;270 541;283 678;296 348;292 770;300 685;321 161;;;;;;;;;;;;;;;;;;;;;;;;;;;;;;;;;;;;;;;;
4. decil;102 264;106 862;112 028;115 352;119 631;123 988;127 521;137 821;143 274;150 432;156 430;163 111;168 866;176 079;184 027;194 047;199 794;213 262;227 570;230 530;232 353;231 846;234 221;259 669;270 484;280 580;285 813;296 191;300 729;307 857;312 573;321 465;332 147;347 966;366 298;357 999;370 469;391 058;;;;;;;;;;;;;;;;;;;;;;;;;;;;;;;;;;;;;;;;
5. decil;113 533;118 870;124 582;128 666;134 033;138 718;143 029;154 426;160 834;169 020;176 398;184 637;190 207;198 697;208 393;219 632;226 802;241 188;259 496;264 464;267 094;266 579;268 678;300 972;315 753;326 855;336 956;347 465;356 234;365 404;371 928;383 243;396 733;412 383;436 486;426 954;437 753;462 457;;;;;;;;;;;;;;;;;;;;;;;;;;;;;;;;;;;;;;;;
6. decil;125 100;131 103;137 849;142 967;148 937;154 243;159 167;171 967;179 873;189 616;197 830;206 789;213 019;222 900;233 862;246 955;255 366;270 674;293 431;299 520;304 408;305 344;303 838;345 633;363 469;377 050;389 669;401 905;413 362;424 196;433 942;445 942;460 423;481 375;507 239;495 762;513 678;538 367;;;;;;;;;;;;;;;;;;;;;;;;;;;;;;;;;;;;;;;;
7. decil;139 079;145 656;153 280;159 658;166 188;172 582;178 082;192 732;201 666;212 934;223 806;235 213;241 181;251 696;265 421;278 389;287 855;306 352;332 715;340 851;349 940;349 315;345 800;398 683;420 433;433 523;452 600;466 700;481 384;494 471;508 233;519 083;535 379;560 657;594 322;579 376;603 284;633 591;;;;;;;;;;;;;;;;;;;;;;;;;;;;;;;;;;;;;;;;
8. decil;157 696;164 519;174 249;181 725;189 193;197 631;204 368;220 904;231 325;245 244;259 970;272 882;280 410;292 236;308 463;322 619;334 042;356 655;391 327;402 510;416 545;411 880;404 669;473 706;501 344;518 503;543 524;561 123;581 494;595 606;612 073;624 212;648 872;674 032;718 002;700 586;736 503;779 013;;;;;;;;;;;;;;;;;;;;;;;;;;;;;;;;;;;;;;;;
9. decil;191 549;199 037;212 515;222 514;233 171;243 787;252 653;272 811;285 663;304 978;327 216;345 688;352 615;372 572;392 485;409 473;423 112;452 130;505 498;529 903;554 143;535 878;522 569;631 234;664 869;685 929;732 959;759 195;792 484;809 336;824 230;843 804;884 826;910 547;997 824;962 853;1 038 586;1 106 317;;;;;;;;;;;;;;;;;;;;;;;;;;;;;;;;;;;;;;;;
;;;;;;;;;;;;;;;;;;;;;;;;;;;;;;;;;;;;;;;;;;;;;;;;;;;;;;;;;;;;;;;;;;;;;;;;;;;;;;
;1987;1988;1989;1990;1991;1992;1993;1994;1995;1996;1997;1998;1999;2000;2001;2002;2003;2004;2005;2006;2007;2008;2009;2010;2011;2012;2013;2014;2015;2016;2017;2018;2019;2020;2021;2022;2023;2024;;;;;;;;;;;;;;;;;;;;;;;;;;;;;;;;;;;;;;;;
Kalundborg;;;;;;;;;;;;;;;;;;;;;;;;;;;;;;;;;;;;;;;;;;;;;;;;;;;;;;;;;;;;;;;;;;;;;;;;;;;;;;
1. decil;55 461;58 450;62 645;65 521;69 116;71 006;72 488;77 895;79 841;81 532;83 085;85 568;87 002;89 900;92 319;98 028;99 987;105 093;107 506;112 321;114 906;114 264;118 018;126 270;127 998;132 884;132 967;132 813;133 817;133 225;133 482;138 911;142 378;148 064;155 833;159 610;166 130;172 040;;;;;;;;;;;;;;;;;;;;;;;;;;;;;;;;;;;;;;;;
2. decil;65 093;68 905;73 548;76 936;80 371;82 248;84 448;89 870;92 010;93 800;95 798;98 707;100 882;103 546;107 187;113 098;116 494;121 742;125 639;130 010;133 153;135 751;139 737;148 505;150 267;154 649;157 367;159 036;161 386;163 257;166 491;170 633;174 451;179 541;185 235;189 940;197 508;200 666;;;;;;;;;;;;;;;;;;;;;;;;;;;;;;;;;;;;;;;;
3. decil;73 590;77 609;82 160;85 568;89 296;92 121;94 850;100 740;103 764;105 772;108 168;111 287;113 862;117 444;121 637;127 487;130 869;137 806;141 804;146 577;149 847;152 552;157 175;166 790;168 469;172 638;175 555;177 699;180 587;183 007;186 696;191 387;196 128;201 698;210 166;214 795;222 056;225 753;;;;;;;;;;;;;;;;;;;;;;;;;;;;;;;;;;;;;;;;
4. decil;81 353;85 806;90 541;94 166;98 206;101 777;105 100;111 127;114 703;117 307;120 133;124 234;127 510;131 338;136 203;142 123;146 290;155 109;158 960;163 406;166 679;170 797;175 484;187 219;189 525;193 280;197 294;200 420;203 761;207 405;210 650;215 997;221 577;229 426;239 306;243 959;251 712;257 751;;;;;;;;;;;;;;;;;;;;;;;;;;;;;;;;;;;;;;;;
5. decil;88 131;93 436;98 456;102 304;106 948;110 759;114 590;121 376;125 173;128 167;131 551;136 634;139 742;144 201;149 839;156 231;160 893;170 675;175 928;180 746;183 936;187 994;193 944;207 207;209 199;214 369;218 814;223 972;227 452;232 259;236 648;242 867;248 818;258 774;269 330;273 830;283 217;290 060;;;;;;;;;;;;;;;;;;;;;;;;;;;;;;;;;;;;;;;;
6. decil;95 208;100 815;106 070;110 763;115 338;119 683;123 777;131 515;135 533;139 253;142 673;148 239;152 370;157 425;163 585;169 811;175 365;187 162;192 285;197 511;201 030;205 625;212 308;228 259;230 338;236 203;241 651;248 966;252 672;257 844;263 769;269 773;275 699;289 157;301 921;305 885;316 367;323 197;;;;;;;;;;;;;;;;;;;;;;;;;;;;;;;;;;;;;;;;
7. decil;102 975;109 034;115 245;120 090;125 237;129 653;134 293;142 578;147 300;151 480;155 375;161 822;166 541;171 975;178 762;185 968;191 296;203 784;209 940;216 199;220 084;225 847;234 322;252 751;255 462;260 702;267 819;276 377;280 690;288 843;292 352;300 951;307 427;323 518;336 700;340 939;354 483;361 878;;;;;;;;;;;;;;;;;;;;;;;;;;;;;;;;;;;;;;;;
8. decil;112 358;119 277;125 888;131 651;137 429;142 731;147 745;156 570;161 995;167 347;171 821;179 834;183 902;190 326;197 800;205 514;212 257;226 161;232 970;240 715;244 424;250 446;260 792;281 352;285 723;291 398;299 375;308 853;315 573;325 140;331 582;339 134;347 665;365 935;381 501;384 677;402 400;411 457;;;;;;;;;;;;;;;;;;;;;;;;;;;;;;;;;;;;;;;;
9. decil;128 004;135 581;143 381;150 198;156 875;162 803;169 082;179 340;186 185;193 709;198 936;208 455;212 506;221 028;230 471;237 646;245 701;262 788;271 125;279 336;284 438;290 349;302 501;328 759;331 622;339 601;352 770;364 156;372 261;383 749;389 197;397 100;410 066;432 159;452 005;457 504;477 025;485 070;;;;;;;;;;;;;;;;;;;;;;;;;;;;;;;;;;;;;;;;
;;;;;;;;;;;;;;;;;;;;;;;;;;;;;;;;;;;;;;;;;;;;;;;;;;;;;;;;;;;;;;;;;;;;;;;;;;;;;;
;1987;1988;1989;1990;1991;1992;1993;1994;1995;1996;1997;1998;1999;2000;2001;2002;2003;2004;2005;2006;2007;2008;2009;2010;2011;2012;2013;2014;2015;2016;2017;2018;2019;2020;2021;2022;2023;2024;;;;;;;;;;;;;;;;;;;;;;;;;;;;;;;;;;;;;;;;
Bornholm;;;;;;;;;;;;;;;;;;;;;;;;;;;;;;;;;;;;;;;;;;;;;;;;;;;;;;;;;;;;;;;;;;;;;;;;;;;;;;
1. decil;51 407;54 497;58 722;61 896;65 443;67 990;69 766;74 587;77 296;77 760;80 045;82 691;84 481;87 091;89 392;94 445;97 215;101 305;104 789;107 359;110 324;111 245;116 175;125 871;127 020;131 019;132 988;134 592;135 861;136 355;138 535;140 732;145 545;150 506;155 189;157 021;162 588;166 990;;;;;;;;;;;;;;;;;;;;;;;;;;;;;;;;;;;;;;;;
2. decil;61 355;64 988;69 133;72 731;75 913;77 949;80 067;84 712;87 355;88 317;90 563;94 014;95 895;98 737;101 806;107 217;110 376;115 672;119 445;122 517;125 790;129 138;134 335;143 798;144 853;147 799;150 559;153 811;155 392;158 086;161 103;164 027;168 244;173 212;177 991;180 858;188 888;191 604;;;;;;;;;;;;;;;;;;;;;;;;;;;;;;;;;;;;;;;;
3. decil;68 491;72 244;76 614;80 457;83 750;86 004;88 088;93 310;96 384;97 773;100 198;103 810;106 379;109 646;112 946;118 265;121 393;127 975;132 067;135 952;138 446;142 339;147 881;158 145;159 345;161 548;164 027;167 575;170 002;173 221;176 587;179 855;183 400;189 386;195 045;198 160;206 629;210 639;;;;;;;;;;;;;;;;;;;;;;;;;;;;;;;;;;;;;;;;
4. decil;75 741;79 874;83 741;87 920;91 514;94 143;96 713;102 286;105 008;106 742;109 884;113 905;117 079;120 991;124 593;130 261;133 602;141 108;144 765;149 669;152 519;157 108;162 325;174 173;175 127;177 603;179 742;184 159;186 532;190 423;194 930;198 205;202 529;208 952;216 104;218 696;227 183;232 969;;;;;;;;;;;;;;;;;;;;;;;;;;;;;;;;;;;;;;;;
5. decil;82 108;86 718;90 345;94 925;99 003;101 566;104 419;110 965;113 660;115 728;119 394;123 607;127 360;131 299;135 514;141 109;145 196;153 645;157 222;163 145;166 153;171 262;177 321;189 949;191 586;194 469;196 867;200 906;205 077;208 718;213 766;217 830;222 327;230 675;238 349;240 985;250 231;256 706;;;;;;;;;;;;;;;;;;;;;;;;;;;;;;;;;;;;;;;;
6. decil;88 852;93 556;97 412;101 940;106 348;109 244;112 444;119 515;123 170;124 949;128 688;134 200;137 660;141 882;147 127;152 668;157 000;166 354;170 800;176 365;180 298;185 816;192 211;206 385;208 589;211 829;214 586;218 964;223 515;228 211;234 401;239 298;243 458;253 951;262 857;264 187;275 068;282 728;;;;;;;;;;;;;;;;;;;;;;;;;;;;;;;;;;;;;;;;
7. decil;96 303;101 100;105 285;110 013;114 718;118 300;121 764;129 377;133 756;135 854;139 869;146 176;149 622;154 671;160 360;166 506;171 271;181 162;186 339;192 903;196 908;202 977;211 165;226 952;228 545;231 812;235 929;241 364;246 680;252 118;259 060;264 442;268 346;281 074;290 178;291 753;303 113;312 071;;;;;;;;;;;;;;;;;;;;;;;;;;;;;;;;;;;;;;;;
8. decil;105 276;110 949;115 308;120 909;125 953;130 095;134 005;142 589;146 764;149 449;154 203;161 377;165 760;171 017;178 426;184 989;189 824;201 140;207 170;215 195;219 122;226 283;236 386;254 151;255 204;260 071;264 738;270 543;278 165;283 020;291 540;297 152;302 717;316 681;327 323;327 959;340 905;351 116;;;;;;;;;;;;;;;;;;;;;;;;;;;;;;;;;;;;;;;;
9. decil;120 110;126 703;131 152;138 396;144 452;149 054;155 384;163 795;168 663;173 831;179 942;188 812;193 752;200 088;208 388;215 781;220 381;236 088;243 562;253 479;256 560;264 150;276 916;299 665;301 017;307 105;313 386;321 951;327 855;334 788;345 994;353 685;359 731;378 497;389 775;389 309;407 947;419 489;;;;;;;;;;;;;;;;;;;;;;;;;;;;;;;;;;;;;;;;
;;;;;;;;;;;;;;;;;;;;;;;;;;;;;;;;;;;;;;;;;;;;;;;;;;;;;;;;;;;;;;;;;;;;;;;;;;;;;;
;1987;1988;1989;1990;1991;1992;1993;1994;1995;1996;1997;1998;1999;2000;2001;2002;2003;2004;2005;2006;2007;2008;2009;2010;2011;2012;2013;2014;2015;2016;2017;2018;2019;2020;2021;2022;2023;2024;;;;;;;;;;;;;;;;;;;;;;;;;;;;;;;;;;;;;;;;
Frederikshavn;;;;;;;;;;;;;;;;;;;;;;;;;;;;;;;;;;;;;;;;;;;;;;;;;;;;;;;;;;;;;;;;;;;;;;;;;;;;;;
1. decil;54 408;57 485;60 930;62 587;67 242;69 241;71 476;78 040;80 167;81 979;83 819;86 174;87 714;89 631;92 338;98 468;102 883;105 558;108 870;111 355;115 061;115 771;119 120;126 821;130 806;135 124;136 396;137 586;138 069;137 469;139 182;143 119;147 587;152 235;157 832;162 042;165 839;169 971;;;;;;;;;;;;;;;;;;;;;;;;;;;;;;;;;;;;;;;;
2. decil;64 595;68 488;72 306;74 863;78 943;81 310;83 606;89 688;91 787;94 228;96 313;99 558;101 213;103 192;106 749;112 446;116 965;120 404;124 175;127 409;131 779;134 274;138 549;146 420;150 214;153 591;156 049;158 222;160 603;161 889;165 123;169 385;172 704;177 609;182 678;188 300;193 571;196 080;;;;;;;;;;;;;;;;;;;;;;;;;;;;;;;;;;;;;;;;
3. decil;72 951;76 953;80 620;83 801;87 967;90 704;93 131;100 581;102 920;106 351;108 796;112 639;114 676;116 394;120 783;126 256;131 039;135 247;139 172;143 109;148 218;151 191;155 386;164 252;168 337;171 445;173 395;175 964;178 515;179 262;183 040;187 460;191 351;197 246;204 592;210 266;214 913;218 194;;;;;;;;;;;;;;;;;;;;;;;;;;;;;;;;;;;;;;;;
4. decil;80 489;84 735;88 328;91 712;96 314;99 810;101 952;110 230;113 105;116 834;120 108;124 579;126 586;128 531;133 144;138 922;143 599;149 424;154 079;158 984;164 441;167 750;173 443;183 606;187 174;190 911;193 775;196 309;198 833;200 654;204 516;210 145;214 148;221 875;230 257;235 395;239 408;244 277;;;;;;;;;;;;;;;;;;;;;;;;;;;;;;;;;;;;;;;;
5. decil;86 977;91 893;95 724;99 650;103 987;107 771;109 933;119 118;122 274;126 534;130 127;135 178;137 817;139 599;144 938;150 482;155 243;162 804;167 969;173 136;179 347;183 875;190 174;201 806;206 115;209 644;212 598;216 465;219 447;221 943;226 939;232 556;237 686;246 786;257 025;261 522;265 507;272 327;;;;;;;;;;;;;;;;;;;;;;;;;;;;;;;;;;;;;;;;
6. decil;93 613;98 726;102 869;107 068;111 871;115 955;118 498;127 854;131 434;135 946;140 173;145 781;148 782;151 275;156 643;162 518;167 725;176 496;182 022;187 757;194 632;199 736;207 154;221 572;225 520;229 294;233 093;238 041;241 506;244 969;249 389;257 051;262 235;274 057;285 459;288 828;293 903;301 174;;;;;;;;;;;;;;;;;;;;;;;;;;;;;;;;;;;;;;;;
7. decil;100 947;106 199;110 657;115 337;120 962;125 172;128 275;138 411;141 628;147 153;151 955;157 520;161 015;164 104;169 864;176 528;182 123;192 312;198 124;204 928;212 274;218 281;226 586;243 416;248 408;252 208;257 110;262 328;267 213;271 576;277 690;286 367;291 371;305 319;316 650;320 548;327 304;333 086;;;;;;;;;;;;;;;;;;;;;;;;;;;;;;;;;;;;;;;;
8. decil;110 762;116 538;121 096;126 216;132 694;137 234;140 929;152 231;156 072;161 730;167 680;173 960;177 391;181 226;187 783;195 664;201 551;213 243;220 398;228 221;236 334;242 360;252 451;272 154;277 478;282 195;289 402;294 160;300 720;305 751;314 276;323 065;329 095;345 738;358 820;361 585;371 425;378 517;;;;;;;;;;;;;;;;;;;;;;;;;;;;;;;;;;;;;;;;
9. decil;125 516;132 058;137 828;144 106;152 251;157 303;161 818;175 382;179 917;186 870;193 804;201 669;204 941;210 348;217 506;226 555;233 025;248 950;257 698;269 883;276 746;282 169;294 835;320 982;326 394;333 008;342 248;349 269;357 055;362 612;372 098;383 629;392 357;412 833;427 999;431 402;443 424;451 739;;;;;;;;;;;;;;;;;;;;;;;;;;;;;;;;;;;;;;;;
;;;;;;;;;;;;;;;;;;;;;;;;;;;;;;;;;;;;;;;;;;;;;;;;;;;;;;;;;;;;;;;;;;;;;;;;;;;;;;
;1987;1988;1989;1990;1991;1992;1993;1994;1995;1996;1997;1998;1999;2000;2001;2002;2003;2004;2005;2006;2007;2008;2009;2010;2011;2012;2013;2014;2015;2016;2017;2018;2019;2020;2021;2022;2023;2024;;;;;;;;;;;;;;;;;;;;;;;;;;;;;;;;;;;;;;;;
Vejle;;;;;;;;;;;;;;;;;;;;;;;;;;;;;;;;;;;;;;;;;;;;;;;;;;;;;;;;;;;;;;;;;;;;;;;;;;;;;;
1. decil;52 326;55 993;59 721;62 147;65 617;67 843;69 612;75 515;78 622;80 322;83 235;86 098;88 821;91 240;93 592;99 093;102 789;107 168;110 186;114 911;117 767;120 484;122 105;128 341;130 031;133 648;135 155;136 418;139 004;138 233;140 225;145 192;149 065;155 587;161 302;165 792;171 174;176 392;;;;;;;;;;;;;;;;;;;;;;;;;;;;;;;;;;;;;;;;
2. decil;63 015;67 022;71 488;74 183;77 689;80 342;82 372;88 598;92 024;94 659;98 091;101 341;104 893;107 735;111 143;117 393;121 229;126 207;130 209;134 733;138 524;142 496;145 611;152 700;155 207;158 659;161 729;165 123;167 905;170 154;173 980;178 793;183 002;188 695;194 217;199 590;205 940;210 357;;;;;;;;;;;;;;;;;;;;;;;;;;;;;;;;;;;;;;;;
3. decil;71 963;76 402;80 630;83 727;87 680;90 813;92 832;100 522;104 109;107 660;111 705;115 633;119 616;123 142;127 033;133 447;137 731;144 735;148 046;153 527;157 690;161 939;165 707;174 292;177 023;180 099;183 341;187 669;190 912;193 970;197 918;203 463;208 762;216 917;225 104;229 622;235 425;241 848;;;;;;;;;;;;;;;;;;;;;;;;;;;;;;;;;;;;;;;;
4. decil;79 990;84 561;89 340;92 668;96 921;100 875;102 951;111 265;115 595;119 584;124 132;128 671;132 999;137 507;141 417;148 288;152 867;161 679;165 687;171 202;175 866;180 578;185 161;196 323;198 936;202 246;206 540;211 484;215 246;219 737;224 914;230 612;236 644;246 883;256 138;259 747;267 141;274 139;;;;;;;;;;;;;;;;;;;;;;;;;;;;;;;;;;;;;;;;
5. decil;86 979;92 190;97 295;100 732;105 817;110 049;112 078;121 191;125 927;130 710;135 556;140 719;145 627;150 326;154 814;161 803;167 044;176 976;181 645;187 484;192 870;198 164;204 304;217 562;220 448;223 960;228 538;234 793;238 704;244 400;250 447;257 487;263 546;275 884;285 918;289 587;296 700;305 259;;;;;;;;;;;;;;;;;;;;;;;;;;;;;;;;;;;;;;;;
6. decil;93 905;99 438;105 086;108 918;114 432;118 938;121 315;130 948;136 053;141 632;147 022;153 064;157 919;163 500;168 561;175 983;181 222;192 794;197 884;204 364;209 916;215 441;223 122;239 622;242 392;246 991;251 824;259 027;263 950;270 674;277 851;285 133;292 126;306 665;317 809;320 982;328 850;338 346;;;;;;;;;;;;;;;;;;;;;;;;;;;;;;;;;;;;;;;;
7. decil;101 648;107 601;113 689;118 003;123 970;129 082;132 206;142 448;148 281;154 108;160 432;166 915;172 312;178 418;183 920;192 110;197 671;210 940;217 294;224 085;229 794;235 832;244 552;264 839;268 030;272 502;278 925;287 862;293 749;300 836;309 114;317 830;326 525;342 367;355 437;357 780;367 078;377 214;;;;;;;;;;;;;;;;;;;;;;;;;;;;;;;;;;;;;;;;
8. decil;111 352;118 143;124 534;129 654;136 585;142 326;145 841;157 226;164 043;170 679;177 697;185 196;191 272;198 305;205 061;212 973;220 078;234 754;241 778;250 469;256 001;262 127;272 378;296 025;299 689;306 599;315 399;323 866;331 746;339 915;349 588;360 172;370 215;389 115;405 439;407 263;417 804;428 149;;;;;;;;;;;;;;;;;;;;;;;;;;;;;;;;;;;;;;;;
9. decil;126 970;134 492;141 894;148 106;156 863;163 852;168 592;181 895;189 387;198 580;206 936;216 010;223 554;231 464;239 875;248 441;257 088;275 641;284 078;295 898;300 243;306 906;318 009;349 102;352 686;361 256;374 241;385 444;396 514;405 592;418 878;430 863;446 216;467 160;490 487;490 226;502 284;520 540;;;;;;;;;;;;;;;;;;;;;;;;;;;;;;;;;;;;;;;;
;;;;;;;;;;;;;;;;;;;;;;;;;;;;;;;;;;;;;;;;;;;;;;;;;;;;;;;;;;;;;;;;;;;;;;;;;;;;;;
;1987;1988;1989;1990;1991;1992;1993;1994;1995;1996;1997;1998;1999;2000;2001;2002;2003;2004;2005;2006;2007;2008;2009;2010;2011;2012;2013;2014;2015;2016;2017;2018;2019;2020;2021;2022;2023;2024;;;;;;;;;;;;;;;;;;;;;;;;;;;;;;;;;;;;;;;;
Esbjerg;;;;;;;;;;;;;;;;;;;;;;;;;;;;;;;;;;;;;;;;;;;;;;;;;;;;;;;;;;;;;;;;;;;;;;;;;;;;;;
1. decil;54 309;57 876;61 417;63 331;66 980;68 356;69 401;74 948;77 315;78 113;81 360;84 609;85 880;88 586;91 073;96 434;99 534;103 024;105 970;110 453;112 433;114 984;116 601;122 178;122 416;126 070;126 670;128 493;128 701;129 247;130 290;135 910;140 203;146 209;152 871;157 986;164 210;170 300;;;;;;;;;;;;;;;;;;;;;;;;;;;;;;;;;;;;;;;;
2. decil;64 745;68 636;72 624;75 486;79 293;81 005;82 743;88 227;90 601;92 152;95 208;99 123;101 098;103 501;107 061;112 798;116 242;120 732;124 590;128 549;131 412;134 914;138 140;144 978;146 834;150 255;152 460;155 424;156 814;159 473;162 652;167 664;171 737;176 804;181 934;186 860;194 109;199 784;;;;;;;;;;;;;;;;;;;;;;;;;;;;;;;;;;;;;;;;
3. decil;73 256;77 419;81 521;85 031;89 463;91 397;93 344;99 780;102 796;105 211;108 277;112 821;115 205;118 204;121 954;127 931;131 496;137 706;141 612;145 901;148 510;153 186;156 351;164 829;166 847;169 993;172 338;175 338;177 452;180 185;184 281;190 509;194 598;200 782;208 416;213 362;220 045;228 142;;;;;;;;;;;;;;;;;;;;;;;;;;;;;;;;;;;;;;;;
4. decil;80 722;85 388;89 876;93 566;98 677;100 811;103 330;110 050;113 990;116 720;120 477;125 529;128 528;131 529;135 442;141 922;146 187;154 331;158 026;163 265;166 146;171 559;175 871;186 174;188 488;192 159;195 107;199 580;201 392;204 580;209 453;215 669;220 618;228 602;237 301;241 638;248 837;257 813;;;;;;;;;;;;;;;;;;;;;;;;;;;;;;;;;;;;;;;;
5. decil;87 346;92 577;97 448;101 443;106 864;109 365;112 228;119 575;124 022;127 504;131 469;137 413;140 529;143 780;148 217;154 633;159 492;169 167;173 586;179 238;182 716;188 172;194 638;206 709;209 712;213 491;217 328;222 302;225 010;228 599;234 278;241 017;246 369;256 764;267 028;270 116;277 452;287 667;;;;;;;;;;;;;;;;;;;;;;;;;;;;;;;;;;;;;;;;
6. decil;94 148;99 784;105 063;109 331;115 273;117 946;121 353;129 229;134 300;138 422;142 710;149 099;152 466;156 028;161 269;168 021;173 028;184 064;189 146;195 271;199 114;205 588;213 664;228 520;231 476;235 783;240 295;246 622;249 577;254 069;260 285;267 563;274 577;286 291;297 811;299 729;307 385;318 965;;;;;;;;;;;;;;;;;;;;;;;;;;;;;;;;;;;;;;;;
7. decil;102 015;107 957;113 463;118 300;124 956;127 570;131 829;140 412;145 867;151 008;155 584;162 328;166 202;170 231;176 184;183 334;188 610;201 513;206 968;213 590;217 669;224 806;234 768;252 618;255 967;261 167;267 033;274 793;277 740;283 200;290 295;298 992;305 228;319 069;332 012;333 935;342 328;355 136;;;;;;;;;;;;;;;;;;;;;;;;;;;;;;;;;;;;;;;;
8. decil;112 103;118 233;124 572;129 815;137 722;140 353;145 412;154 564;161 220;167 308;172 383;180 154;183 966;188 514;195 468;203 303;208 947;223 902;230 307;238 561;243 489;250 600;262 051;283 277;287 113;293 427;301 822;310 202;313 942;319 582;327 950;337 401;344 894;361 035;376 502;377 768;389 058;402 903;;;;;;;;;;;;;;;;;;;;;;;;;;;;;;;;;;;;;;;;
9. decil;128 587;135 828;142 636;148 643;158 735;161 539;168 129;178 789;186 263;194 018;201 013;211 570;213 489;219 150;228 412;236 737;243 971;261 443;269 554;280 675;285 217;293 568;306 742;335 457;342 150;349 757;361 517;370 686;376 600;381 996;392 505;402 652;412 708;432 228;451 210;453 272;466 932;485 776;;;;;;;;;;;;;;;;;;;;;;;;;;;;;;;;;;;;;;;;
;;;;;;;;;;;;;;;;;;;;;;;;;;;;;;;;;;;;;;;;;;;;;;;;;;;;;;;;;;;;;;;;;;;;;;;;;;;;;;
;1987;1988;1989;1990;1991;1992;1993;1994;1995;1996;1997;1998;1999;2000;2001;2002;2003;2004;2005;2006;2007;2008;2009;2010;2011;2012;2013;2014;2015;2016;2017;2018;2019;2020;2021;2022;2023;2024;;;;;;;;;;;;;;;;;;;;;;;;;;;;;;;;;;;;;;;;
Soenderborg;;;;;;;;;;;;;;;;;;;;;;;;;;;;;;;;;;;;;;;;;;;;;;;;;;;;;;;;;;;;;;;;;;;;;;;;;;;;;;
1. decil;54 383;57 534;61 766;63 118;65 807;68 831;70 109;76 295;79 259;80 999;83 365;85 955;87 617;90 573;93 518;97 122;99 650;104 574;106 771;110 295;113 009;115 385;116 969;123 908;124 796;127 876;127 970;130 415;130 977;131 453;134 254;138 755;143 025;147 989;153 259;156 518;159 454;161 024;;;;;;;;;;;;;;;;;;;;;;;;;;;;;;;;;;;;;;;;
2. decil;64 922;68 405;72 997;75 112;77 985;81 043;83 310;89 291;92 734;94 858;97 221;100 477;101 686;104 899;108 507;112 560;115 100;120 145;122 788;126 323;129 548;133 144;135 741;143 007;145 045;147 582;149 906;152 926;155 095;157 338;161 450;166 303;169 306;174 617;179 295;184 394;188 809;191 367;;;;;;;;;;;;;;;;;;;;;;;;;;;;;;;;;;;;;;;;
3. decil;73 807;77 467;82 441;84 454;87 496;91 228;93 832;100 301;104 692;107 378;109 942;114 236;115 327;118 967;123 152;127 402;129 486;135 955;138 625;142 336;145 572;149 767;152 027;160 175;161 682;164 087;166 528;169 535;172 280;174 759;179 345;184 932;188 807;194 652;201 599;206 430;210 823;214 253;;;;;;;;;;;;;;;;;;;;;;;;;;;;;;;;;;;;;;;;
4. decil;81 135;85 585;90 709;93 286;96 240;100 832;103 198;110 103;115 353;118 435;121 583;125 814;127 454;131 742;136 517;140 364;143 038;150 936;153 975;158 301;161 433;166 090;168 834;178 515;180 144;182 817;185 163;189 085;192 452;196 051;200 987;207 496;211 404;219 992;228 359;231 949;236 285;241 868;;;;;;;;;;;;;;;;;;;;;;;;;;;;;;;;;;;;;;;;
5. decil;87 735;92 575;98 055;100 828;104 499;109 396;111 966;119 403;125 074;128 466;131 959;136 627;138 418;143 049;148 110;152 345;155 796;165 153;168 316;172 893;176 531;182 189;185 844;197 362;199 624;202 805;205 695;210 124;213 943;217 440;223 972;230 418;235 798;245 666;255 314;258 346;263 040;269 944;;;;;;;;;;;;;;;;;;;;;;;;;;;;;;;;;;;;;;;;
6. decil;94 131;99 457;105 270;108 729;112 790;117 936;120 824;129 075;134 833;138 925;142 981;148 037;150 203;155 170;160 633;165 216;169 503;179 998;183 585;188 219;192 774;198 494;203 588;217 470;220 187;223 601;226 715;231 592;236 170;240 977;249 031;256 021;261 022;273 495;283 194;285 733;291 580;299 769;;;;;;;;;;;;;;;;;;;;;;;;;;;;;;;;;;;;;;;;
7. decil;101 723;107 577;113 488;117 381;122 230;127 868;131 266;140 119;146 317;151 062;155 786;161 304;163 345;169 195;175 169;179 985;184 646;196 581;200 773;205 998;210 727;217 244;224 009;240 423;243 753;248 254;252 491;258 276;262 896;268 349;277 145;285 910;291 204;305 692;317 498;319 637;325 765;334 380;;;;;;;;;;;;;;;;;;;;;;;;;;;;;;;;;;;;;;;;
8. decil;111 637;118 028;124 626;129 196;134 478;140 540;144 619;154 013;161 637;167 132;172 455;178 528;181 227;187 879;195 029;199 994;205 707;218 692;224 338;229 924;234 754;241 423;250 283;268 980;272 701;278 769;285 065;292 140;298 850;303 668;315 176;323 929;330 817;347 831;362 215;363 432;372 046;381 572;;;;;;;;;;;;;;;;;;;;;;;;;;;;;;;;;;;;;;;;
9. decil;127 125;134 175;142 364;148 229;154 805;162 693;167 643;178 612;186 919;194 942;201 899;208 929;211 565;220 380;229 322;234 981;240 977;256 609;264 371;271 080;276 023;282 939;293 450;319 327;326 004;332 989;340 015;350 029;359 199;364 834;378 879;388 844;396 872;415 333;436 245;437 045;450 886;462 965;;;;;;;;;;;;;;;;;;;;;;;;;;;;;;;;;;;;;;;;
;;;;;;;;;;;;;;;;;;;;;;;;;;;;;;;;;;;;;;;;;;;;;;;;;;;;;;;;;;;;;;;;;;;;;;;;;;;;;;
1987;1988;1989;1990;1991;1992;1993;1994;1995;1996;1997;1998;1999;2000;2001;2002;2003;2004;2005;2006;2007;2008;2009;2010;2011;2012;2013;2014;2015;2016;2017;2018;2019;2020;2021;2022;2023;2024;;;;;;;;;;;;;;;;;;;;;;;;;;;;;;;;;;;;;;;;;
Silkeborg;;;;;;;;;;;;;;;;;;;;;;;;;;;;;;;;;;;;;;;;;;;;;;;;;;;;;;;;;;;;;;;;;;;;;;;;;;;;;;
1. decil;54 288;57 698;62 256;64 589;67 882;70 102;71 306;76 843;78 834;81 338;84 480;87 509;90 415;92 760;95 715;101 325;104 444;108 540;112 023;116 028;118 585;119 372;121 299;129 939;132 013;135 350;137 161;140 300;141 675;142 997;145 539;150 851;153 994;161 199;166 614;172 635;175 675;181 126;;;;;;;;;;;;;;;;;;;;;;;;;;;;;;;;;;;;;;;;
2. decil;65 088;68 751;73 721;76 556;79 905;82 204;84 088;90 203;92 811;95 191;98 512;102 426;105 643;108 789;112 378;117 952;121 611;126 393;130 334;134 827;138 348;140 925;144 860;153 977;156 744;160 731;163 422;167 001;169 707;172 172;177 065;181 130;185 211;192 416;198 637;205 478;209 303;213 533;;;;;;;;;;;;;;;;;;;;;;;;;;;;;;;;;;;;;;;;
3. decil;73 945;77 917;82 896;85 757;89 500;92 415;94 528;101 189;104 469;107 593;111 721;115 819;120 090;123 814;127 422;133 244;137 155;144 086;148 468;153 782;157 797;160 007;164 568;175 780;179 362;184 159;186 509;191 367;194 622;198 174;203 148;208 800;213 560;222 849;230 883;237 146;240 620;245 321;;;;;;;;;;;;;;;;;;;;;;;;;;;;;;;;;;;;;;;;
4. decil;81 764;85 934;90 957;94 610;98 511;101 949;103 989;111 443;115 002;118 902;123 289;128 486;132 885;137 036;141 090;147 070;151 046;160 328;165 783;170 901;174 757;177 618;183 309;196 786;201 479;205 793;209 704;214 866;218 725;222 826;229 357;236 293;240 663;252 712;262 591;267 143;271 233;275 857;;;;;;;;;;;;;;;;;;;;;;;;;;;;;;;;;;;;;;;;
5. decil;88 599;93 058;98 792;102 450;106 741;110 676;112 649;121 106;125 256;129 586;134 337;140 140;144 732;149 472;153 519;160 054;164 640;175 235;180 974;186 268;190 824;194 184;201 453;217 267;222 080;226 876;231 196;237 985;241 778;247 469;254 387;261 747;267 643;281 755;292 657;295 636;300 424;305 746;;;;;;;;;;;;;;;;;;;;;;;;;;;;;;;;;;;;;;;;
6. decil;95 495;100 233;106 388;110 506;114 762;119 020;121 516;130 693;135 406;140 612;145 760;151 960;157 225;161 842;166 650;173 437;178 621;189 734;196 497;202 800;207 152;210 672;219 791;238 101;243 512;249 495;254 703;262 255;266 490;273 224;281 661;288 998;296 237;311 926;323 043;325 279;331 080;335 705;;;;;;;;;;;;;;;;;;;;;;;;;;;;;;;;;;;;;;;;
7. decil;103 374;108 463;115 226;119 759;124 362;128 960;131 903;141 700;147 121;152 688;158 772;165 467;170 853;176 649;181 457;189 425;194 514;206 902;214 754;221 348;226 279;230 366;240 705;261 948;267 597;274 178;281 084;289 710;295 308;302 827;312 326;321 117;328 634;345 473;358 886;360 878;367 358;372 409;;;;;;;;;;;;;;;;;;;;;;;;;;;;;;;;;;;;;;;;
8. decil;113 417;118 960;126 271;131 451;136 934;141 584;145 325;156 297;162 298;168 586;175 760;183 805;189 184;196 260;201 413;210 369;215 555;229 879;239 620;246 097;252 071;255 731;267 119;293 310;298 932;306 405;315 970;325 146;333 656;341 824;352 211;360 925;369 863;389 707;405 485;407 728;413 878;421 457;;;;;;;;;;;;;;;;;;;;;;;;;;;;;;;;;;;;;;;;
9. decil;129 479;135 253;143 435;150 416;157 682;162 746;167 806;179 617;187 915;196 099;204 653;214 297;220 606;228 405;235 577;244 973;251 510;269 213;280 997;289 449;294 851;298 449;311 366;345 831;352 069;362 367;374 752;387 378;396 877;406 095;420 600;430 592;440 504;463 769;486 342;486 124;499 091;507 412;;;;;;;;;;;;;;;;;;;;;;;;;;;;;;;;;;;;;;;;
;;;;;;;;;;;;;;;;;;;;;;;;;;;;;;;;;;;;;;;;;;;;;;;;;;;;;;;;;;;;;;;;;;;;;;;;;;;;;;
;1987;1988;1989;1990;1991;1992;1993;1994;1995;1996;1997;1998;1999;2000;2001;2002;2003;2004;2005;2006;2007;2008;2009;2010;2011;2012;2013;2014;2015;2016;2017;2018;2019;2020;2021;2022;2023;2024;;;;;;;;;;;;;;;;;;;;;;;;;;;;;;;;;;;;;;;;
Toender;;;;;;;;;;;;;;;;;;;;;;;;;;;;;;;;;;;;;;;;;;;;;;;;;;;;;;;;;;;;;;;;;;;;;;;;;;;;;;
1. decil;50 957;54 948;59 152;61 287;65 224;67 281;69 417;75 258;78 243;79 363;81 175;84 040;86 289;88 548;90 849;94 526;98 068;101 714;101 282;107 084;108 699;108 961;110 113;118 184;120 954;123 976;125 201;128 100;129 449;128 460;134 752;135 788;141 382;144 831;151 883;154 333;155 421;156 406;;;;;;;;;;;;;;;;;;;;;;;;;;;;;;;;;;;;;;;;
2. decil;61 661;65 778;70 945;73 430;77 290;79 425;82 001;87 917;90 729;92 532;94 269;97 527;99 838;102 690;105 256;109 165;112 948;116 752;118 001;123 094;126 456;127 526;131 134;139 207;141 773;144 843;147 579;151 672;153 223;155 313;159 107;162 818;166 943;171 753;176 982;181 418;184 662;186 933;;;;;;;;;;;;;;;;;;;;;;;;;;;;;;;;;;;;;;;;
3. decil;69 725;73 686;79 066;82 028;86 375;88 589;91 884;97 903;101 829;103 854;105 562;109 779;112 552;115 875;118 501;122 115;125 881;131 301;132 980;139 115;142 510;143 740;146 359;155 651;157 985;160 487;163 823;168 129;170 342;172 022;177 124;181 146;185 510;191 504;197 767;202 628;205 458;208 029;;;;;;;;;;;;;;;;;;;;;;;;;;;;;;;;;;;;;;;;
4. decil;77 233;81 770;86 705;89 911;94 335;97 549;100 984;107 739;111 566;113 925;115 979;120 569;123 467;127 423;130 733;134 533;138 134;145 717;148 064;154 204;157 464;160 218;163 735;174 124;176 770;178 952;182 141;186 678;189 593;191 409;198 143;202 454;206 687;213 638;222 462;225 817;228 110;232 801;;;;;;;;;;;;;;;;;;;;;;;;;;;;;;;;;;;;;;;;
5. decil;83 759;88 963;93 897;97 431;102 170;105 792;109 033;116 346;120 773;123 660;125 854;130 796;133 959;138 983;142 691;146 229;150 991;159 306;162 360;168 373;172 316;176 173;180 520;192 745;195 188;196 915;201 105;205 697;209 486;211 035;218 524;224 224;228 626;236 385;246 031;250 719;253 983;258 880;;;;;;;;;;;;;;;;;;;;;;;;;;;;;;;;;;;;;;;;
6. decil;90 601;96 221;101 195;105 040;110 157;113 979;117 317;125 243;130 182;133 618;135 869;141 550;144 846;150 464;154 095;158 896;163 562;172 896;176 544;183 507;188 003;191 672;197 030;210 075;213 641;215 298;219 659;225 072;229 802;232 531;240 507;246 591;251 518;261 266;272 205;276 292;281 303;286 665;;;;;;;;;;;;;;;;;;;;;;;;;;;;;;;;;;;;;;;;
7. decil;98 316;104 317;109 325;113 735;119 255;123 364;127 283;135 901;141 163;145 417;148 305;153 928;158 021;163 484;168 188;172 912;177 817;188 599;193 004;199 957;206 037;210 718;216 797;231 462;234 772;237 444;241 195;249 091;253 063;256 082;266 317;272 102;278 621;290 105;302 877;306 754;311 623;319 595;;;;;;;;;;;;;;;;;;;;;;;;;;;;;;;;;;;;;;;;
8. decil;108 247;114 780;120 449;124 997;131 943;135 489;140 843;150 067;156 207;161 003;164 111;171 613;174 587;181 229;186 281;192 173;197 005;210 165;217 159;225 061;230 344;235 164;242 641;259 482;263 143;265 907;271 622;279 594;283 743;288 806;301 224;307 061;314 727;330 503;343 584;347 065;355 371;364 559;;;;;;;;;;;;;;;;;;;;;;;;;;;;;;;;;;;;;;;;
9. decil;123 151;131 156;137 608;143 209;151 097;157 199;163 029;174 181;181 243;188 022;193 077;201 289;204 127;212 832;219 420;225 810;230 842;249 237;257 954;266 201;272 830;274 908;283 821;304 381;310 466;313 321;322 876;331 163;336 001;341 377;362 506;365 456;376 979;395 899;412 301;421 448;426 027;437 703;;;;;;;;;;;;;;;;;;;;;;;;;;;;;;;;;;;;;;;;
