Municipality;Time;Parcel_og_raekkehus_dkk_pr_m2;Ejerlejlighed_dkk_pr_m2
Koebenhavn;1992K1;5355;5843
Koebenhavn;1992K2;5451;5935
Koebenhavn;1992K3;5374;5701
Koebenhavn;1992K4;5171;5638
Koebenhavn;1993K1;5068;5322
Koebenhavn;1993K2;5186;5314
Koebenhavn;1993K3;5609;5519
Koebenhavn;1993K4;5519;5417
Koebenhavn;1994K1;5503;5435
Koebenhavn;1994K2;5885;5288
Koebenhavn;1994K3;5621;5280
Koebenhavn;1994K4;5328;5252
Koebenhavn;1995K1;5675;5382
Koebenhavn;1995K2;5924;5436
Koebenhavn;1995K3;6014;5766
Koebenhavn;1995K4;6299;5709
Koebenhavn;1996K1;6764;5958
Koebenhavn;1996K2;6991;6420
Koebenhavn;1996K3;7210;6310
Koebenhavn;1996K4;7227;6333
Koebenhavn;1997K1;7670;6773
Koebenhavn;1997K2;8263;7151
Koebenhavn;1997K3;8234;7372
Koebenhavn;1997K4;8520;7708
Koebenhavn;1998K1;9201;8089
Koebenhavn;1998K2;9275;8547
Koebenhavn;1998K3;9606;9046
Koebenhavn;1998K4;9762;9475
Koebenhavn;1999K1;9925;10271
Koebenhavn;1999K2;10590;10706
Koebenhavn;1999K3;10479;11220
Koebenhavn;1999K4;11078;11172
Koebenhavn;2000K1;10637;11657
Koebenhavn;2000K2;11422;12329
Koebenhavn;2000K3;11737;12528
Koebenhavn;2000K4;12562;13035
Koebenhavn;2001K1;12419;13656
Koebenhavn;2001K2;13571;14518
Koebenhavn;2001K3;13713;15348
Koebenhavn;2001K4;13422;15254
Koebenhavn;2002K1;14159;15935
Koebenhavn;2002K2;14256;16273
Koebenhavn;2002K3;14364;16655
Koebenhavn;2002K4;14191;16501
Koebenhavn;2003K1;14333;17636
Koebenhavn;2003K2;15552;17591
Koebenhavn;2003K3;15222;17557
Koebenhavn;2003K4;15715;17665
Koebenhavn;2004K1;16139;18550
Koebenhavn;2004K2;16857;19200
Koebenhavn;2004K3;17269;20224
Koebenhavn;2004K4;18771;21083
Koebenhavn;2005K1;19501;22480
Koebenhavn;2005K2;21562;24659
Koebenhavn;2005K3;23821;27399
Koebenhavn;2005K4;25553;29501
Koebenhavn;2006K1;27206;30086
Koebenhavn;2006K2;27479;31849
Koebenhavn;2006K3;28366;31430
Koebenhavn;2006K4;29214;29282
Koebenhavn;2007K1;27942;27788
Koebenhavn;2007K2;27929;27182
Koebenhavn;2007K3;26836;26925
Koebenhavn;2007K4;25853;25840
Koebenhavn;2008K1;26852;24767
Koebenhavn;2008K2;26058;24458
Koebenhavn;2008K3;24502;23293
Koebenhavn;2008K4;22342;21232
Koebenhavn;2009K1;20825;20030
Koebenhavn;2009K2;20847;20479
Koebenhavn;2009K3;21954;20580
Koebenhavn;2009K4;22090;21530
Koebenhavn;2010K1;22775;22321
Koebenhavn;2010K2;24160;23326
Koebenhavn;2010K3;24260;23164
Koebenhavn;2010K4;24357;23252
Koebenhavn;2011K1;23203;23559
Koebenhavn;2011K2;25144;23268
Koebenhavn;2011K3;24307;21939
Koebenhavn;2011K4;22525;22269
Koebenhavn;2012K1;22289;22160
Koebenhavn;2012K2;23782;22214
Koebenhavn;2012K3;23343;22855
Koebenhavn;2012K4;22932;23457
Koebenhavn;2013K1;24217;24451
Koebenhavn;2013K2;24611;25825
Koebenhavn;2013K3;24334;25897
Koebenhavn;2013K4;25883;26459
Koebenhavn;2014K1;25429;26590
Koebenhavn;2014K2;26568;27538
Koebenhavn;2014K3;27162;27964
Koebenhavn;2014K4;27951;27922
Koebenhavn;2015K1;28418;29414
Koebenhavn;2015K2;29930;31393
Koebenhavn;2015K3;30276;31651
Koebenhavn;2015K4;29875;31895
Koebenhavn;2016K1;31561;32384
Koebenhavn;2016K2;31159;34213
Koebenhavn;2016K3;32114;34706
Koebenhavn;2016K4;30752;35249
Koebenhavn;2017K1;32044;36329
Koebenhavn;2017K2;33937;37525
Koebenhavn;2017K3;34306;39046
Koebenhavn;2017K4;34013;39182
Koebenhavn;2018K1;36761;40236
Koebenhavn;2018K2;35334;40592
Koebenhavn;2018K3;35701;40055
Koebenhavn;2018K4;37494;39558
Koebenhavn;2019K1;36347;40142
Koebenhavn;2019K2;36170;39742
Koebenhavn;2019K3;37003;39705
Koebenhavn;2019K4;38894;40769
Koebenhavn;2020K1;37680;41168
Koebenhavn;2020K2;38803;42103
Koebenhavn;2020K3;40458;42746
Koebenhavn;2020K4;42173;44876
Koebenhavn;2021K1;45636;47545
Koebenhavn;2021K2;46966;49905
Koebenhavn;2021K3;49455;50843
Koebenhavn;2021K4;47726;49926
Koebenhavn;2022K1;48374;51583
Koebenhavn;2022K2;50514;52785
Koebenhavn;2022K3;49173;48975
Koebenhavn;2022K4;45821;45474
Koebenhavn;2023K1;43538;46212
Koebenhavn;2023K2;46023;47920
Koebenhavn;2023K3;47651;49817
Koebenhavn;2023K4;48146;50567
Koebenhavn;2024K1;47769;49804
Koebenhavn;2024K2;51843;52034
Koebenhavn;2024K3;52011;52680
Koebenhavn;2024K4;54134;54603
Kalundborg;1992K1;3363;5551
Kalundborg;1992K2;3315;4923
Kalundborg;1992K3;3211;4148
Kalundborg;1992K4;3149;5058
Kalundborg;1993K1;3245;4813
Kalundborg;1993K2;3460;NA
Kalundborg;1993K3;3451;4752
Kalundborg;1993K4;3462;4821
Kalundborg;1994K1;3578;5789
Kalundborg;1994K2;3525;4205
Kalundborg;1994K3;3525;4766
Kalundborg;1994K4;3579;3558
Kalundborg;1995K1;3391;6191
Kalundborg;1995K2;3530;4914
Kalundborg;1995K3;3443;5468
Kalundborg;1995K4;3737;5545
Kalundborg;1996K1;3853;5152
Kalundborg;1996K2;4029;5622
Kalundborg;1996K3;3758;5216
Kalundborg;1996K4;3914;4562
Kalundborg;1997K1;4018;5081
Kalundborg;1997K2;4315;5342
Kalundborg;1997K3;4117;5397
Kalundborg;1997K4;4526;6330
Kalundborg;1998K1;4618;6083
Kalundborg;1998K2;4826;5721
Kalundborg;1998K3;4751;5882
Kalundborg;1998K4;5111;5815
Kalundborg;1999K1;5019;5976
Kalundborg;1999K2;5022;6855
Kalundborg;1999K3;5268;7451
Kalundborg;1999K4;5244;6975
Kalundborg;2000K1;5757;7307
Kalundborg;2000K2;5709;6857
Kalundborg;2000K3;5574;8987
Kalundborg;2000K4;5697;6450
Kalundborg;2001K1;5634;6837
Kalundborg;2001K2;6101;8055
Kalundborg;2001K3;6146;8432
Kalundborg;2001K4;6519;8130
Kalundborg;2002K1;6760;9217
Kalundborg;2002K2;6599;10037
Kalundborg;2002K3;6559;8935
Kalundborg;2002K4;6741;9728
Kalundborg;2003K1;6811;10397
Kalundborg;2003K2;7457;9951
Kalundborg;2003K3;7497;9531
Kalundborg;2003K4;7368;9820
Kalundborg;2004K1;7393;9753
Kalundborg;2004K2;7265;10159
Kalundborg;2004K3;8224;10132
Kalundborg;2004K4;7762;NA
Kalundborg;2005K1;8199;11835
Kalundborg;2005K2;8094;12348
Kalundborg;2005K3;8916;12555
Kalundborg;2005K4;9301;NA
Kalundborg;2006K1;9195;11981
Kalundborg;2006K2;9252;13739
Kalundborg;2006K3;10219;11128
Kalundborg;2006K4;10401;12060
Kalundborg;2007K1;10620;12227
Kalundborg;2007K2;10753;NA
Kalundborg;2007K3;11027;NA
Kalundborg;2007K4;10960;13351
Kalundborg;2008K1;11020;13779
Kalundborg;2008K2;11536;NA
Kalundborg;2008K3;11158;13300
Kalundborg;2008K4;9980;NA
Kalundborg;2009K1;9536;NA
Kalundborg;2009K2;9111;12048
Kalundborg;2009K3;9438;10595
Kalundborg;2009K4;10212;NA
Kalundborg;2010K1;8468;NA
Kalundborg;2010K2;8365;NA
Kalundborg;2010K3;8838;11704
Kalundborg;2010K4;8571;NA
Kalundborg;2011K1;8077;NA
Kalundborg;2011K2;8274;NA
Kalundborg;2011K3;8200;NA
Kalundborg;2011K4;8599;8163
Kalundborg;2012K1;8159;NA
Kalundborg;2012K2;7902;NA
Kalundborg;2012K3;7832;NA
Kalundborg;2012K4;7075;NA
Kalundborg;2013K1;7438;NA
Kalundborg;2013K2;7649;NA
Kalundborg;2013K3;7034;NA
Kalundborg;2013K4;6524;NA
Kalundborg;2014K1;7569;NA
Kalundborg;2014K2;7424;7087
Kalundborg;2014K3;6624;NA
Kalundborg;2014K4;6613;NA
Kalundborg;2015K1;7416;NA
Kalundborg;2015K2;7186;NA
Kalundborg;2015K3;6877;7345
Kalundborg;2015K4;6741;8525
Kalundborg;2016K1;7283;NA
Kalundborg;2016K2;7718;9279
Kalundborg;2016K3;7702;NA
Kalundborg;2016K4;7686;NA
Kalundborg;2017K1;7427;7758
Kalundborg;2017K2;7988;NA
Kalundborg;2017K3;8049;8425
Kalundborg;2017K4;7577;6259
Kalundborg;2018K1;7945;8833
Kalundborg;2018K2;8175;NA
Kalundborg;2018K3;8541;NA
Kalundborg;2018K4;7461;8626
Kalundborg;2019K1;7917;NA
Kalundborg;2019K2;8240;8823
Kalundborg;2019K3;8625;NA
Kalundborg;2019K4;8444;8495
Kalundborg;2020K1;7959;NA
Kalundborg;2020K2;8764;NA
Kalundborg;2020K3;8535;NA
Kalundborg;2020K4;8934;8985
Kalundborg;2021K1;9303;11464
Kalundborg;2021K2;8900;10305
Kalundborg;2021K3;9094;NA
Kalundborg;2021K4;9275;NA
Kalundborg;2022K1;10051;10816
Kalundborg;2022K2;9653;14359
Kalundborg;2022K3;9268;NA
Kalundborg;2022K4;8558;NA
Kalundborg;2023K1;9422;12148
Kalundborg;2023K2;9190;NA
Kalundborg;2023K3;9729;11606
Kalundborg;2023K4;9824;NA
Kalundborg;2024K1;10254;NA
Kalundborg;2024K2;11048;17083
Kalundborg;2024K3;10088;14394
Kalundborg;2024K4;10947;16366
Gentofte;1992K1;6783;7399
Gentofte;1992K2;7378;7402
Gentofte;1992K3;7288;7767
Gentofte;1992K4;6860;6981
Gentofte;1993K1;6692;7289
Gentofte;1993K2;6840;7309
Gentofte;1993K3;7348;8075
Gentofte;1993K4;7667;7123
Gentofte;1994K1;7652;7838
Gentofte;1994K2;8114;7859
Gentofte;1994K3;8119;7552
Gentofte;1994K4;8204;8022
Gentofte;1995K1;8018;7507
Gentofte;1995K2;8256;7812
Gentofte;1995K3;8912;8060
Gentofte;1995K4;9267;8068
Gentofte;1996K1;9444;8392
Gentofte;1996K2;9119;8734
Gentofte;1996K3;9467;9009
Gentofte;1996K4;10282;8887
Gentofte;1997K1;10462;9170
Gentofte;1997K2;10344;9461
Gentofte;1997K3;11035;9970
Gentofte;1997K4;10564;9883
Gentofte;1998K1;11802;10688
Gentofte;1998K2;12685;11081
Gentofte;1998K3;13159;11001
Gentofte;1998K4;12808;11490
Gentofte;1999K1;13263;11820
Gentofte;1999K2;13724;12722
Gentofte;1999K3;14156;12838
Gentofte;1999K4;13716;12955
Gentofte;2000K1;14408;13610
Gentofte;2000K2;14805;14104
Gentofte;2000K3;15993;15031
Gentofte;2000K4;16040;14597
Gentofte;2001K1;16514;15334
Gentofte;2001K2;16711;16378
Gentofte;2001K3;16819;17015
Gentofte;2001K4;17129;16472
Gentofte;2002K1;17475;17483
Gentofte;2002K2;17331;17484
Gentofte;2002K3;17222;17538
Gentofte;2002K4;18166;18139
Gentofte;2003K1;17590;17699
Gentofte;2003K2;17700;17665
Gentofte;2003K3;18656;18124
Gentofte;2003K4;17539;18333
Gentofte;2004K1;19688;19615
Gentofte;2004K2;20004;20891
Gentofte;2004K3;22731;21633
Gentofte;2004K4;22843;23135
Gentofte;2005K1;24872;24694
Gentofte;2005K2;27125;26426
Gentofte;2005K3;29973;29127
Gentofte;2005K4;31944;30935
Gentofte;2006K1;35761;33134
Gentofte;2006K2;37020;35900
Gentofte;2006K3;36190;35992
Gentofte;2006K4;38038;32755
Gentofte;2007K1;36114;31705
Gentofte;2007K2;34251;32830
Gentofte;2007K3;33415;31935
Gentofte;2007K4;33397;30849
Gentofte;2008K1;32308;31607
Gentofte;2008K2;30940;30488
Gentofte;2008K3;29845;30154
Gentofte;2008K4;27759;28628
Gentofte;2009K1;25799;23877
Gentofte;2009K2;26529;21643
Gentofte;2009K3;28160;22857
Gentofte;2009K4;28427;25120
Gentofte;2010K1;30179;23622
Gentofte;2010K2;31926;24911
Gentofte;2010K3;32184;24977
Gentofte;2010K4;31726;27336
Gentofte;2011K1;32193;24960
Gentofte;2011K2;30414;25625
Gentofte;2011K3;28593;23882
Gentofte;2011K4;29322;24078
Gentofte;2012K1;29012;24021
Gentofte;2012K2;28675;24256
Gentofte;2012K3;29856;23421
Gentofte;2012K4;29438;24388
Gentofte;2013K1;30475;25281
Gentofte;2013K2;32221;26505
Gentofte;2013K3;31586;28098
Gentofte;2013K4;31373;27198
Gentofte;2014K1;32411;27091
Gentofte;2014K2;33656;29185
Gentofte;2014K3;33961;28051
Gentofte;2014K4;34237;27999
Gentofte;2015K1;33574;29571
Gentofte;2015K2;36560;31181
Gentofte;2015K3;35295;30977
Gentofte;2015K4;36788;31378
Gentofte;2016K1;36060;32831
Gentofte;2016K2;36767;33207
Gentofte;2016K3;39197;34007
Gentofte;2016K4;39404;34420
Gentofte;2017K1;40616;33190
Gentofte;2017K2;41306;35869
Gentofte;2017K3;41881;36455
Gentofte;2017K4;40977;37781
Gentofte;2018K1;41285;37555
Gentofte;2018K2;41921;37229
Gentofte;2018K3;42675;38220
Gentofte;2018K4;42353;38076
Gentofte;2019K1;43232;38812
Gentofte;2019K2;44028;39162
Gentofte;2019K3;45592;38736
Gentofte;2019K4;45414;39506
Gentofte;2020K1;45853;41018
Gentofte;2020K2;46541;39891
Gentofte;2020K3;48728;42122
Gentofte;2020K4;52652;44105
Gentofte;2021K1;55083;45113
Gentofte;2021K2;58967;46703
Gentofte;2021K3;59519;47522
Gentofte;2021K4;62877;47663
Gentofte;2022K1;63399;50221
Gentofte;2022K2;63581;48659
Gentofte;2022K3;59112;46144
Gentofte;2022K4;54914;46451
Gentofte;2023K1;52584;42251
Gentofte;2023K2;58970;43116
Gentofte;2023K3;57708;49128
Gentofte;2023K4;56496;45007
Gentofte;2024K1;56506;45372
Gentofte;2024K2;56348;48420
Gentofte;2024K3;56866;49093
Gentofte;2024K4;63441;50019
Bornholm;1992K1;NA;NA
Bornholm;1992K2;NA;NA
Bornholm;1992K3;NA;NA
Bornholm;1992K4;NA;NA
Bornholm;1993K1;NA;NA
Bornholm;1993K2;NA;NA
Bornholm;1993K3;NA;NA
Bornholm;1993K4;NA;NA
Bornholm;1994K1;NA;NA
Bornholm;1994K2;NA;NA
Bornholm;1994K3;NA;NA
Bornholm;1994K4;NA;NA
Bornholm;1995K1;NA;NA
Bornholm;1995K2;NA;NA
Bornholm;1995K3;NA;NA
Bornholm;1995K4;NA;NA
Bornholm;1996K1;3396;2235
Bornholm;1996K2;3155;2879
Bornholm;1996K3;3644;2173
Bornholm;1996K4;3353;1708
Bornholm;1997K1;3784;2597
Bornholm;1997K2;3610;2502
Bornholm;1997K3;3712;2332
Bornholm;1997K4;3792;2431
Bornholm;1998K1;3713;2715
Bornholm;1998K2;3756;2847
Bornholm;1998K3;3751;3079
Bornholm;1998K4;3821;3337
Bornholm;1999K1;3930;2753
Bornholm;1999K2;4069;2236
Bornholm;1999K3;3854;2443
Bornholm;1999K4;4082;NA
Bornholm;2000K1;3981;4436
Bornholm;2000K2;4074;3593
Bornholm;2000K3;4083;NA
Bornholm;2000K4;4264;3906
Bornholm;2001K1;4165;2910
Bornholm;2001K2;4478;3705
Bornholm;2001K3;4349;NA
Bornholm;2001K4;4218;3143
Bornholm;2002K1;4554;3574
Bornholm;2002K2;4647;3862
Bornholm;2002K3;4502;5629
Bornholm;2002K4;4548;3801
Bornholm;2003K1;4728;4312
Bornholm;2003K2;5002;4517
Bornholm;2003K3;4764;5605
Bornholm;2003K4;5089;2733
Bornholm;2004K1;5186;8663
Bornholm;2004K2;5128;10107
Bornholm;2004K3;5256;9779
Bornholm;2004K4;5553;9780
Bornholm;2005K1;5119;8537
Bornholm;2005K2;5821;12466
Bornholm;2005K3;5538;13227
Bornholm;2005K4;5802;12143
Bornholm;2006K1;6230;9377
Bornholm;2006K2;6907;15454
Bornholm;2006K3;7304;15007
Bornholm;2006K4;6976;14975
Bornholm;2007K1;7227;13567
Bornholm;2007K2;8047;18158
Bornholm;2007K3;8072;17827
Bornholm;2007K4;7828;16490
Bornholm;2008K1;7655;12348
Bornholm;2008K2;8137;16405
Bornholm;2008K3;7934;15625
Bornholm;2008K4;7512;NA
Bornholm;2009K1;7227;NA
Bornholm;2009K2;7312;12639
Bornholm;2009K3;7105;13878
Bornholm;2009K4;7249;13407
Bornholm;2010K1;7294;11967
Bornholm;2010K2;7432;10046
Bornholm;2010K3;6578;13155
Bornholm;2010K4;7614;9722
Bornholm;2011K1;6537;15185
Bornholm;2011K2;6604;12099
Bornholm;2011K3;6437;9527
Bornholm;2011K4;5848;8615
Bornholm;2012K1;5608;10229
Bornholm;2012K2;5411;10337
Bornholm;2012K3;5264;9305
Bornholm;2012K4;5745;10018
Bornholm;2013K1;5511;8963
Bornholm;2013K2;5473;10288
Bornholm;2013K3;5043;12721
Bornholm;2013K4;5045;9475
Bornholm;2014K1;5425;11433
Bornholm;2014K2;5437;11407
Bornholm;2014K3;5426;8516
Bornholm;2014K4;5070;10320
Bornholm;2015K1;4992;11827
Bornholm;2015K2;6012;9252
Bornholm;2015K3;5439;8080
Bornholm;2015K4;5550;11742
Bornholm;2016K1;5872;10587
Bornholm;2016K2;5974;11595
Bornholm;2016K3;5975;10551
Bornholm;2016K4;6508;9448
Bornholm;2017K1;6238;12860
Bornholm;2017K2;6284;13032
Bornholm;2017K3;6799;10867
Bornholm;2017K4;6701;11837
Bornholm;2018K1;7001;13165
Bornholm;2018K2;7212;12371
Bornholm;2018K3;7304;11701
Bornholm;2018K4;6831;12337
Bornholm;2019K1;6870;12163
Bornholm;2019K2;7580;12678
Bornholm;2019K3;7517;14250
Bornholm;2019K4;6913;14063
Bornholm;2020K1;7298;12867
Bornholm;2020K2;7444;15138
Bornholm;2020K3;7924;14695
Bornholm;2020K4;8396;15705
Bornholm;2021K1;9165;16757
Bornholm;2021K2;10122;18311
Bornholm;2021K3;9797;22447
Bornholm;2021K4;10176;19765
Bornholm;2022K1;10145;17589
Bornholm;2022K2;9633;24405
Bornholm;2022K3;10159;19518
Bornholm;2022K4;9593;19955
Bornholm;2023K1;9690;22671
Bornholm;2023K2;9137;19779
Bornholm;2023K3;9537;19823
Bornholm;2023K4;9943;22793
Bornholm;2024K1;9466;14668
Bornholm;2024K2;9993;22962
Bornholm;2024K3;10389;22581
Bornholm;2024K4;9947;21015
Odense;1992K1;4331;5406
Odense;1992K2;4448;5874
Odense;1992K3;4388;5364
Odense;1992K4;4324;5814
Odense;1993K1;4199;4928
Odense;1993K2;4288;5046
Odense;1993K3;4549;5226
Odense;1993K4;4541;5490
Odense;1994K1;4822;5491
Odense;1994K2;4818;5471
Odense;1994K3;4768;5623
Odense;1994K4;4886;5871
Odense;1995K1;5006;5643
Odense;1995K2;5038;5679
Odense;1995K3;5330;5943
Odense;1995K4;5259;5994
Odense;1996K1;5458;6161
Odense;1996K2;5701;6363
Odense;1996K3;5857;6294
Odense;1996K4;5964;6475
Odense;1997K1;6227;6459
Odense;1997K2;6285;6889
Odense;1997K3;6511;7281
Odense;1997K4;6713;7217
Odense;1998K1;6852;7701
Odense;1998K2;7139;8216
Odense;1998K3;7446;8229
Odense;1998K4;7401;8430
Odense;1999K1;7204;9703
Odense;1999K2;7367;8463
Odense;1999K3;7477;8629
Odense;1999K4;7512;8259
Odense;2000K1;7161;8582
Odense;2000K2;7434;9131
Odense;2000K3;7418;8873
Odense;2000K4;7577;8531
Odense;2001K1;7719;8872
Odense;2001K2;7704;9252
Odense;2001K3;7556;9507
Odense;2001K4;7586;9513
Odense;2002K1;7741;9102
Odense;2002K2;7844;9530
Odense;2002K3;7649;9481
Odense;2002K4;7793;9267
Odense;2003K1;7610;9687
Odense;2003K2;7662;9477
Odense;2003K3;7929;10399
Odense;2003K4;7954;9816
Odense;2004K1;8237;10032
Odense;2004K2;8731;10329
Odense;2004K3;8858;10867
Odense;2004K4;9094;10819
Odense;2005K1;9576;11033
Odense;2005K2;10011;12112
Odense;2005K3;10822;13138
Odense;2005K4;11553;13679
Odense;2006K1;12581;15364
Odense;2006K2;13018;15951
Odense;2006K3;13144;16368
Odense;2006K4;13960;16199
Odense;2007K1;14144;16733
Odense;2007K2;14431;16974
Odense;2007K3;14056;16618
Odense;2007K4;14348;15933
Odense;2008K1;14198;15702
Odense;2008K2;14608;15873
Odense;2008K3;14124;15157
Odense;2008K4;13298;14583
Odense;2009K1;12508;14924
Odense;2009K2;12907;13907
Odense;2009K3;12617;14272
Odense;2009K4;12730;14629
Odense;2010K1;12815;13597
Odense;2010K2;13075;15415
Odense;2010K3;12844;14384
Odense;2010K4;13182;14731
Odense;2011K1;12904;13502
Odense;2011K2;12640;14313
Odense;2011K3;12272;13067
Odense;2011K4;12030;13176
Odense;2012K1;11734;14028
Odense;2012K2;12351;12797
Odense;2012K3;12290;13843
Odense;2012K4;12004;14034
Odense;2013K1;12202;13959
Odense;2013K2;12343;14240
Odense;2013K3;12595;13692
Odense;2013K4;12330;14872
Odense;2014K1;12388;14861
Odense;2014K2;12771;15260
Odense;2014K3;12702;15129
Odense;2014K4;12726;15358
Odense;2015K1;13042;16084
Odense;2015K2;13329;16646
Odense;2015K3;13641;16287
Odense;2015K4;13242;16379
Odense;2016K1;13795;16276
Odense;2016K2;13451;17979
Odense;2016K3;14368;17354
Odense;2016K4;14094;17485
Odense;2017K1;13855;17503
Odense;2017K2;14721;18366
Odense;2017K3;13867;19452
Odense;2017K4;14497;19038
Odense;2018K1;14883;20186
Odense;2018K2;15271;20257
Odense;2018K3;14875;19668
Odense;2018K4;15431;21161
Odense;2019K1;15294;20854
Odense;2019K2;15787;22465
Odense;2019K3;15980;21261
Odense;2019K4;16084;22855
Odense;2020K1;16237;22970
Odense;2020K2;15677;22312
Odense;2020K3;15880;23491
Odense;2020K4;16662;22821
Odense;2021K1;16861;23836
Odense;2021K2;17746;24707
Odense;2021K3;18268;23690
Odense;2021K4;18182;23388
Odense;2022K1;18223;24639
Odense;2022K2;18491;23540
Odense;2022K3;17761;23334
Odense;2022K4;16655;19864
Odense;2023K1;16769;21633
Odense;2023K2;17439;22381
Odense;2023K3;17959;22141
Odense;2023K4;18588;22964
Odense;2024K1;17904;21637
Odense;2024K2;17674;22829
Odense;2024K3;17955;22038
Odense;2024K4;18183;23311
Assens;1992K1;2953;NA
Assens;1992K2;2935;NA
Assens;1992K3;2983;NA
Assens;1992K4;2984;NA
Assens;1993K1;3138;NA
Assens;1993K2;2911;NA
Assens;1993K3;3208;NA
Assens;1993K4;3204;NA
Assens;1994K1;3000;NA
Assens;1994K2;3232;NA
Assens;1994K3;3576;NA
Assens;1994K4;3026;NA
Assens;1995K1;3202;NA
Assens;1995K2;3438;NA
Assens;1995K3;3374;NA
Assens;1995K4;3466;NA
Assens;1996K1;3753;NA
Assens;1996K2;3769;NA
Assens;1996K3;3733;NA
Assens;1996K4;4106;NA
Assens;1997K1;3975;NA
Assens;1997K2;4419;NA
Assens;1997K3;4413;NA
Assens;1997K4;4477;NA
Assens;1998K1;4538;NA
Assens;1998K2;4712;NA
Assens;1998K3;4949;NA
Assens;1998K4;4668;NA
Assens;1999K1;4907;NA
Assens;1999K2;5316;NA
Assens;1999K3;5203;NA
Assens;1999K4;4975;NA
Assens;2000K1;5199;NA
Assens;2000K2;5317;NA
Assens;2000K3;5563;NA
Assens;2000K4;5464;NA
Assens;2001K1;5034;NA
Assens;2001K2;5273;NA
Assens;2001K3;5575;NA
Assens;2001K4;5320;NA
Assens;2002K1;5027;NA
Assens;2002K2;5444;NA
Assens;2002K3;5798;NA
Assens;2002K4;5467;NA
Assens;2003K1;5442;NA
Assens;2003K2;5450;NA
Assens;2003K3;5486;NA
Assens;2003K4;5766;NA
Assens;2004K1;5746;NA
Assens;2004K2;5936;NA
Assens;2004K3;6072;NA
Assens;2004K4;6390;NA
Assens;2005K1;5775;NA
Assens;2005K2;6258;NA
Assens;2005K3;6484;NA
Assens;2005K4;6294;NA
Assens;2006K1;6888;NA
Assens;2006K2;7589;10708
Assens;2006K3;8077;NA
Assens;2006K4;8363;NA
Assens;2007K1;7275;NA
Assens;2007K2;8245;NA
Assens;2007K3;7982;NA
Assens;2007K4;8976;14589
Assens;2008K1;8986;NA
Assens;2008K2;8821;NA
Assens;2008K3;8581;NA
Assens;2008K4;8728;NA
Assens;2009K1;8573;NA
Assens;2009K2;8520;NA
Assens;2009K3;8592;NA
Assens;2009K4;8016;NA
Assens;2010K1;8322;NA
Assens;2010K2;7862;NA
Assens;2010K3;8293;NA
Assens;2010K4;8040;NA
Assens;2011K1;8336;NA
Assens;2011K2;7349;NA
Assens;2011K3;7839;NA
Assens;2011K4;7045;NA
Assens;2012K1;6895;NA
Assens;2012K2;6929;NA
Assens;2012K3;7025;NA
Assens;2012K4;6417;NA
Assens;2013K1;6920;NA
Assens;2013K2;7273;NA
Assens;2013K3;6199;NA
Assens;2013K4;6578;NA
Assens;2014K1;6490;NA
Assens;2014K2;7010;NA
Assens;2014K3;6390;NA
Assens;2014K4;6288;NA
Assens;2015K1;6896;NA
Assens;2015K2;7386;NA
Assens;2015K3;6633;NA
Assens;2015K4;6598;NA
Assens;2016K1;7024;NA
Assens;2016K2;6688;NA
Assens;2016K3;6767;NA
Assens;2016K4;6934;NA
Assens;2017K1;7319;NA
Assens;2017K2;7066;NA
Assens;2017K3;7391;NA
Assens;2017K4;6572;NA
Assens;2018K1;7366;NA
Assens;2018K2;7462;NA
Assens;2018K3;7271;NA
Assens;2018K4;7131;NA
Assens;2019K1;7167;NA
Assens;2019K2;7006;NA
Assens;2019K3;6645;NA
Assens;2019K4;7473;NA
Assens;2020K1;7371;NA
Assens;2020K2;7393;NA
Assens;2020K3;7700;NA
Assens;2020K4;7735;12075
Assens;2021K1;7951;12401
Assens;2021K2;8073;14109
Assens;2021K3;7998;NA
Assens;2021K4;7903;NA
Assens;2022K1;8688;NA
Assens;2022K2;7921;NA
Assens;2022K3;8084;NA
Assens;2022K4;8174;NA
Assens;2023K1;7906;NA
Assens;2023K2;8303;NA
Assens;2023K3;7144;NA
Assens;2023K4;7397;NA
Assens;2024K1;7981;NA
Assens;2024K2;7889;NA
Assens;2024K3;8440;NA
Assens;2024K4;8023;NA
Aalborg;1992K1;3764;4787
Aalborg;1992K2;3895;4681
Aalborg;1992K3;3645;4567
Aalborg;1992K4;3581;4475
Aalborg;1993K1;3560;4691
Aalborg;1993K2;3972;4691
Aalborg;1993K3;4079;5075
Aalborg;1993K4;4077;5116
Aalborg;1994K1;4020;5087
Aalborg;1994K2;4086;5453
Aalborg;1994K3;4165;5255
Aalborg;1994K4;4261;5199
Aalborg;1995K1;4276;5134
Aalborg;1995K2;4418;5388
Aalborg;1995K3;4463;5157
Aalborg;1995K4;4721;5572
Aalborg;1996K1;4791;5533
Aalborg;1996K2;4987;5756
Aalborg;1996K3;4903;5728
Aalborg;1996K4;5022;5815
Aalborg;1997K1;5382;6166
Aalborg;1997K2;5520;6493
Aalborg;1997K3;5814;6745
Aalborg;1997K4;5812;6878
Aalborg;1998K1;6198;7209
Aalborg;1998K2;6109;7698
Aalborg;1998K3;6517;7806
Aalborg;1998K4;6249;8168
Aalborg;1999K1;6509;8204
Aalborg;1999K2;6644;8525
Aalborg;1999K3;6789;8849
Aalborg;1999K4;6568;8997
Aalborg;2000K1;6772;8452
Aalborg;2000K2;6800;9237
Aalborg;2000K3;6951;9153
Aalborg;2000K4;7377;9119
Aalborg;2001K1;7024;9035
Aalborg;2001K2;7217;9164
Aalborg;2001K3;7172;9397
Aalborg;2001K4;6777;9396
Aalborg;2002K1;6952;9338
Aalborg;2002K2;7319;9740
Aalborg;2002K3;7186;9680
Aalborg;2002K4;7165;9344
Aalborg;2003K1;7169;9253
Aalborg;2003K2;7402;9625
Aalborg;2003K3;7236;9877
Aalborg;2003K4;7536;9872
Aalborg;2004K1;7544;10130
Aalborg;2004K2;7906;10411
Aalborg;2004K3;8176;10557
Aalborg;2004K4;8222;10833
Aalborg;2005K1;8402;10881
Aalborg;2005K2;8991;11785
Aalborg;2005K3;8858;12547
Aalborg;2005K4;9278;12584
Aalborg;2006K1;9983;13356
Aalborg;2006K2;11181;13710
Aalborg;2006K3;11201;14078
Aalborg;2006K4;11726;14256
Aalborg;2007K1;11369;14521
Aalborg;2007K2;11649;15104
Aalborg;2007K3;11571;14592
Aalborg;2007K4;11965;14041
Aalborg;2008K1;11567;14147
Aalborg;2008K2;11752;14475
Aalborg;2008K3;12031;13569
Aalborg;2008K4;11817;12534
Aalborg;2009K1;11065;13361
Aalborg;2009K2;11494;12686
Aalborg;2009K3;11392;12839
Aalborg;2009K4;11291;13279
Aalborg;2010K1;11584;12813
Aalborg;2010K2;11660;13475
Aalborg;2010K3;11781;13145
Aalborg;2010K4;11502;13464
Aalborg;2011K1;12048;13278
Aalborg;2011K2;11874;13293
Aalborg;2011K3;11189;12727
Aalborg;2011K4;11723;13059
Aalborg;2012K1;11351;12926
Aalborg;2012K2;11197;13380
Aalborg;2012K3;11551;12875
Aalborg;2012K4;11774;14192
Aalborg;2013K1;11561;13890
Aalborg;2013K2;12340;14171
Aalborg;2013K3;11545;14898
Aalborg;2013K4;11717;14298
Aalborg;2014K1;11622;13957
Aalborg;2014K2;11849;14715
Aalborg;2014K3;11968;14815
Aalborg;2014K4;11961;15754
Aalborg;2015K1;12472;15799
Aalborg;2015K2;12919;16883
Aalborg;2015K3;12326;16334
Aalborg;2015K4;13116;17047
Aalborg;2016K1;12404;17379
Aalborg;2016K2;13333;18453
Aalborg;2016K3;13711;18160
Aalborg;2016K4;13518;19108
Aalborg;2017K1;13528;18727
Aalborg;2017K2;13881;19795
Aalborg;2017K3;14143;20407
Aalborg;2017K4;14653;20833
Aalborg;2018K1;13927;20616
Aalborg;2018K2;14073;20966
Aalborg;2018K3;14022;19610
Aalborg;2018K4;13657;19433
Aalborg;2019K1;13939;19566
Aalborg;2019K2;14201;19668
Aalborg;2019K3;14281;19500
Aalborg;2019K4;14660;19781
Aalborg;2020K1;14197;19109
Aalborg;2020K2;14193;19727
Aalborg;2020K3;14150;19864
Aalborg;2020K4;14433;20088
Aalborg;2021K1;15001;20450
Aalborg;2021K2;15236;20710
Aalborg;2021K3;14869;20832
Aalborg;2021K4;14840;20066
Aalborg;2022K1;15353;20745
Aalborg;2022K2;15077;20548
Aalborg;2022K3;14251;20315
Aalborg;2022K4;15413;20288
Aalborg;2023K1;14782;19902
Aalborg;2023K2;15225;19990
Aalborg;2023K3;15081;19776
Aalborg;2023K4;14725;19412
Aalborg;2024K1;15552;19654
Aalborg;2024K2;15855;19656
Aalborg;2024K3;15237;20202
Aalborg;2024K4;15594;19358
Frederikshavn;1992K1;3640;4125
Frederikshavn;1992K2;3645;4412
Frederikshavn;1992K3;3475;4079
Frederikshavn;1992K4;3562;3990
Frederikshavn;1993K1;3301;3699
Frederikshavn;1993K2;3392;4538
Frederikshavn;1993K3;3529;4042
Frederikshavn;1993K4;3584;5653
Frederikshavn;1994K1;3777;4552
Frederikshavn;1994K2;4056;5317
Frederikshavn;1994K3;3866;4877
Frederikshavn;1994K4;3969;4113
Frederikshavn;1995K1;3983;4996
Frederikshavn;1995K2;3983;4916
Frederikshavn;1995K3;3861;4897
Frederikshavn;1995K4;3931;5557
Frederikshavn;1996K1;3840;4239
Frederikshavn;1996K2;4226;5100
Frederikshavn;1996K3;4279;5346
Frederikshavn;1996K4;4601;5043
Frederikshavn;1997K1;4599;5096
Frederikshavn;1997K2;4444;5977
Frederikshavn;1997K3;4455;5929
Frederikshavn;1997K4;4571;8305
Frederikshavn;1998K1;4816;6690
Frederikshavn;1998K2;4719;6451
Frederikshavn;1998K3;4652;5362
Frederikshavn;1998K4;4954;5608
Frederikshavn;1999K1;5182;9239
Frederikshavn;1999K2;5150;7710
Frederikshavn;1999K3;5037;6378
Frederikshavn;1999K4;4572;6214
Frederikshavn;2000K1;5300;6270
Frederikshavn;2000K2;5114;7036
Frederikshavn;2000K3;5411;6017
Frederikshavn;2000K4;5344;7079
Frederikshavn;2001K1;5456;7608
Frederikshavn;2001K2;5545;6595
Frederikshavn;2001K3;5475;7384
Frederikshavn;2001K4;5244;5941
Frederikshavn;2002K1;5410;6552
Frederikshavn;2002K2;5900;7684
Frederikshavn;2002K3;5619;6763
Frederikshavn;2002K4;5103;6471
Frederikshavn;2003K1;5731;6239
Frederikshavn;2003K2;5616;7023
Frederikshavn;2003K3;6016;6968
Frederikshavn;2003K4;6056;7898
Frederikshavn;2004K1;5878;7448
Frederikshavn;2004K2;6404;8169
Frederikshavn;2004K3;6229;7794
Frederikshavn;2004K4;6105;7630
Frederikshavn;2005K1;6469;8924
Frederikshavn;2005K2;7102;8929
Frederikshavn;2005K3;7010;9718
Frederikshavn;2005K4;6948;11052
Frederikshavn;2006K1;7137;12198
Frederikshavn;2006K2;8115;10450
Frederikshavn;2006K3;8136;NA
Frederikshavn;2006K4;7807;12363
Frederikshavn;2007K1;7947;9493
Frederikshavn;2007K2;8995;13867
Frederikshavn;2007K3;9209;13900
Frederikshavn;2007K4;7815;14919
Frederikshavn;2008K1;8826;11870
Frederikshavn;2008K2;8623;12760
Frederikshavn;2008K3;7914;12840
Frederikshavn;2008K4;8504;15364
Frederikshavn;2009K1;7748;10605
Frederikshavn;2009K2;8695;9845
Frederikshavn;2009K3;9129;13432
Frederikshavn;2009K4;9050;14647
Frederikshavn;2010K1;8379;13933
Frederikshavn;2010K2;9806;13173
Frederikshavn;2010K3;8751;12837
Frederikshavn;2010K4;8003;8446
Frederikshavn;2011K1;7933;9698
Frederikshavn;2011K2;8162;13867
Frederikshavn;2011K3;8638;NA
Frederikshavn;2011K4;7370;NA
Frederikshavn;2012K1;8885;10335
Frederikshavn;2012K2;8948;12284
Frederikshavn;2012K3;8081;13032
Frederikshavn;2012K4;7728;13952
Frederikshavn;2013K1;7947;NA
Frederikshavn;2013K2;8249;13185
Frederikshavn;2013K3;8667;13982
Frederikshavn;2013K4;7391;13029
Frederikshavn;2014K1;7893;11769
Frederikshavn;2014K2;8683;NA
Frederikshavn;2014K3;8211;12440
Frederikshavn;2014K4;7586;20491
Frederikshavn;2015K1;8184;11057
Frederikshavn;2015K2;7957;13695
Frederikshavn;2015K3;8531;11839
Frederikshavn;2015K4;7651;13430
Frederikshavn;2016K1;7757;15153
Frederikshavn;2016K2;7688;14671
Frederikshavn;2016K3;9338;18022
Frederikshavn;2016K4;8081;14259
Frederikshavn;2017K1;8167;15546
Frederikshavn;2017K2;7836;14936
Frederikshavn;2017K3;8067;10529
Frederikshavn;2017K4;9216;10276
Frederikshavn;2018K1;8785;15661
Frederikshavn;2018K2;8874;14692
Frederikshavn;2018K3;10086;14287
Frederikshavn;2018K4;8452;18379
Frederikshavn;2019K1;8563;9872
Frederikshavn;2019K2;8308;15932
Frederikshavn;2019K3;9305;19568
Frederikshavn;2019K4;8644;16184
Frederikshavn;2020K1;9570;14528
Frederikshavn;2020K2;11308;18437
Frederikshavn;2020K3;9923;21212
Frederikshavn;2020K4;9228;15353
Frederikshavn;2021K1;10663;18437
Frederikshavn;2021K2;10143;20880
Frederikshavn;2021K3;10307;16079
Frederikshavn;2021K4;9061;11648
Frederikshavn;2022K1;10054;16667
Frederikshavn;2022K2;9628;21098
Frederikshavn;2022K3;9780;14282
Frederikshavn;2022K4;8239;18152
Frederikshavn;2023K1;9174;14942
Frederikshavn;2023K2;10016;23461
Frederikshavn;2023K3;10803;21829
Frederikshavn;2023K4;8475;14449
Frederikshavn;2024K1;9258;16635
Frederikshavn;2024K2;9719;19778
Frederikshavn;2024K3;9365;21524
Frederikshavn;2024K4;8638;13255
Aarhus;1992K1;5398;7319
Aarhus;1992K2;5417;7375
Aarhus;1992K3;5259;7393
Aarhus;1992K4;5409;6965
Aarhus;1993K1;4994;6344
Aarhus;1993K2;5425;6735
Aarhus;1993K3;5562;7450
Aarhus;1993K4;5451;7314
Aarhus;1994K1;5692;7501
Aarhus;1994K2;5707;7447
Aarhus;1994K3;5816;7458
Aarhus;1994K4;6046;7477
Aarhus;1995K1;6125;7216
Aarhus;1995K2;6094;7609
Aarhus;1995K3;6310;8119
Aarhus;1995K4;6676;8065
Aarhus;1996K1;6906;8195
Aarhus;1996K2;7078;8802
Aarhus;1996K3;7389;9284
Aarhus;1996K4;7706;9094
Aarhus;1997K1;8000;9882
Aarhus;1997K2;8284;10001
Aarhus;1997K3;8328;10356
Aarhus;1997K4;8335;10227
Aarhus;1998K1;8545;10746
Aarhus;1998K2;8977;11275
Aarhus;1998K3;9085;12042
Aarhus;1998K4;9170;11445
Aarhus;1999K1;9204;11544
Aarhus;1999K2;9533;11995
Aarhus;1999K3;9662;12411
Aarhus;1999K4;9368;12201
Aarhus;2000K1;9474;12006
Aarhus;2000K2;9765;12926
Aarhus;2000K3;9712;13072
Aarhus;2000K4;10136;12491
Aarhus;2001K1;10248;12951
Aarhus;2001K2;10167;13034
Aarhus;2001K3;10269;13660
Aarhus;2001K4;9776;13071
Aarhus;2002K1;9941;13176
Aarhus;2002K2;10490;13862
Aarhus;2002K3;10725;13946
Aarhus;2002K4;10411;13664
Aarhus;2003K1;10683;14525
Aarhus;2003K2;10962;15006
Aarhus;2003K3;11039;15702
Aarhus;2003K4;11024;15181
Aarhus;2004K1;11597;16342
Aarhus;2004K2;12494;17730
Aarhus;2004K3;12416;19053
Aarhus;2004K4;13318;19240
Aarhus;2005K1;13959;20690
Aarhus;2005K2;14935;21385
Aarhus;2005K3;16208;23770
Aarhus;2005K4;17117;24350
Aarhus;2006K1;18057;26487
Aarhus;2006K2;19563;27771
Aarhus;2006K3;19794;27270
Aarhus;2006K4;18904;26135
Aarhus;2007K1;19472;26220
Aarhus;2007K2;19488;25109
Aarhus;2007K3;19202;24692
Aarhus;2007K4;19118;23073
Aarhus;2008K1;18721;23644
Aarhus;2008K2;18847;23490
Aarhus;2008K3;18382;22365
Aarhus;2008K4;16811;20566
Aarhus;2009K1;16330;19114
Aarhus;2009K2;17136;21161
Aarhus;2009K3;16981;20826
Aarhus;2009K4;17086;21498
Aarhus;2010K1;17445;22478
Aarhus;2010K2;18566;23516
Aarhus;2010K3;17997;23282
Aarhus;2010K4;18320;22786
Aarhus;2011K1;18650;23896
Aarhus;2011K2;17780;23587
Aarhus;2011K3;17842;23082
Aarhus;2011K4;17072;22662
Aarhus;2012K1;17366;22248
Aarhus;2012K2;17923;23036
Aarhus;2012K3;17626;23044
Aarhus;2012K4;18174;23357
Aarhus;2013K1;17877;23492
Aarhus;2013K2;18240;24475
Aarhus;2013K3;17922;24150
Aarhus;2013K4;18202;23149
Aarhus;2014K1;18057;23682
Aarhus;2014K2;18164;25388
Aarhus;2014K3;18303;25843
Aarhus;2014K4;18629;25053
Aarhus;2015K1;19649;27121
Aarhus;2015K2;19826;27806
Aarhus;2015K3;19833;27592
Aarhus;2015K4;19583;27817
Aarhus;2016K1;19889;28386
Aarhus;2016K2;20660;30482
Aarhus;2016K3;20572;28885
Aarhus;2016K4;20067;28995
Aarhus;2017K1;20387;30768
Aarhus;2017K2;21119;30635
Aarhus;2017K3;20874;30628
Aarhus;2017K4;20358;30987
Aarhus;2018K1;21076;31110
Aarhus;2018K2;22495;32545
Aarhus;2018K3;21827;32500
Aarhus;2018K4;21717;31278
Aarhus;2019K1;21951;30811
Aarhus;2019K2;21981;32126
Aarhus;2019K3;22847;31987
Aarhus;2019K4;22831;31996
Aarhus;2020K1;22481;32608
Aarhus;2020K2;22935;32611
Aarhus;2020K3;24120;34261
Aarhus;2020K4;24965;34976
Aarhus;2021K1;26084;36528
Aarhus;2021K2;26188;37713
Aarhus;2021K3;26541;36980
Aarhus;2021K4;26763;38245
Aarhus;2022K1;26714;37341
Aarhus;2022K2;27326;38510
Aarhus;2022K3;26489;37457
Aarhus;2022K4;26600;35120
Aarhus;2023K1;26090;35673
Aarhus;2023K2;27291;36621
Aarhus;2023K3;25989;36602
Aarhus;2023K4;27401;36759
Aarhus;2024K1;25672;36159
Aarhus;2024K2;27112;37732
Aarhus;2024K3;26718;36861
Aarhus;2024K4;27525;36469
Ringkoebing_Skjern;1992K1;3209;2446
Ringkoebing_Skjern;1992K2;3055;2479
Ringkoebing_Skjern;1992K3;3196;2679
Ringkoebing_Skjern;1992K4;3106;2700
Ringkoebing_Skjern;1993K1;2941;2563
Ringkoebing_Skjern;1993K2;3020;2898
Ringkoebing_Skjern;1993K3;3356;3337
Ringkoebing_Skjern;1993K4;3161;3578
Ringkoebing_Skjern;1994K1;3448;3322
Ringkoebing_Skjern;1994K2;3530;3954
Ringkoebing_Skjern;1994K3;3482;3121
Ringkoebing_Skjern;1994K4;3212;3387
Ringkoebing_Skjern;1995K1;3626;3104
Ringkoebing_Skjern;1995K2;3577;3756
Ringkoebing_Skjern;1995K3;3839;3613
Ringkoebing_Skjern;1995K4;3757;3850
Ringkoebing_Skjern;1996K1;3693;3327
Ringkoebing_Skjern;1996K2;3849;3749
Ringkoebing_Skjern;1996K3;3782;3571
Ringkoebing_Skjern;1996K4;4090;3897
Ringkoebing_Skjern;1997K1;4005;3281
Ringkoebing_Skjern;1997K2;4293;3984
Ringkoebing_Skjern;1997K3;4201;4173
Ringkoebing_Skjern;1997K4;4219;4896
Ringkoebing_Skjern;1998K1;4173;4498
Ringkoebing_Skjern;1998K2;4504;4437
Ringkoebing_Skjern;1998K3;4304;4115
Ringkoebing_Skjern;1998K4;4199;3568
Ringkoebing_Skjern;1999K1;4694;3852
Ringkoebing_Skjern;1999K2;4841;4575
Ringkoebing_Skjern;1999K3;4318;4321
Ringkoebing_Skjern;1999K4;4704;4269
Ringkoebing_Skjern;2000K1;4713;4431
Ringkoebing_Skjern;2000K2;4976;4233
Ringkoebing_Skjern;2000K3;4841;4894
Ringkoebing_Skjern;2000K4;4827;4980
Ringkoebing_Skjern;2001K1;4778;5621
Ringkoebing_Skjern;2001K2;4791;5238
Ringkoebing_Skjern;2001K3;4862;3267
Ringkoebing_Skjern;2001K4;5037;5511
Ringkoebing_Skjern;2002K1;5119;4718
Ringkoebing_Skjern;2002K2;5380;6146
Ringkoebing_Skjern;2002K3;5129;4794
Ringkoebing_Skjern;2002K4;4806;4842
Ringkoebing_Skjern;2003K1;4997;6985
Ringkoebing_Skjern;2003K2;5361;8611
Ringkoebing_Skjern;2003K3;5432;6315
Ringkoebing_Skjern;2003K4;5216;4946
Ringkoebing_Skjern;2004K1;4769;NA
Ringkoebing_Skjern;2004K2;5442;11006
Ringkoebing_Skjern;2004K3;5694;NA
Ringkoebing_Skjern;2004K4;5894;11052
Ringkoebing_Skjern;2005K1;5537;9684
Ringkoebing_Skjern;2005K2;6011;12181
Ringkoebing_Skjern;2005K3;5434;8883
Ringkoebing_Skjern;2005K4;5857;10308
Ringkoebing_Skjern;2006K1;5888;12542
Ringkoebing_Skjern;2006K2;6260;12949
Ringkoebing_Skjern;2006K3;6012;10894
Ringkoebing_Skjern;2006K4;6334;10611
Ringkoebing_Skjern;2007K1;6537;12312
Ringkoebing_Skjern;2007K2;6811;12764
Ringkoebing_Skjern;2007K3;6660;11996
Ringkoebing_Skjern;2007K4;6732;9895
Ringkoebing_Skjern;2008K1;7234;11985
Ringkoebing_Skjern;2008K2;7174;11335
Ringkoebing_Skjern;2008K3;7540;10658
Ringkoebing_Skjern;2008K4;6850;8209
Ringkoebing_Skjern;2009K1;7027;NA
Ringkoebing_Skjern;2009K2;6880;13922
Ringkoebing_Skjern;2009K3;6662;9078
Ringkoebing_Skjern;2009K4;7072;11247
Ringkoebing_Skjern;2010K1;6618;NA
Ringkoebing_Skjern;2010K2;6821;11688
Ringkoebing_Skjern;2010K3;7000;11615
Ringkoebing_Skjern;2010K4;6999;9685
Ringkoebing_Skjern;2011K1;6581;13744
Ringkoebing_Skjern;2011K2;6592;13035
Ringkoebing_Skjern;2011K3;6403;NA
Ringkoebing_Skjern;2011K4;6829;NA
Ringkoebing_Skjern;2012K1;6615;NA
Ringkoebing_Skjern;2012K2;5971;11420
Ringkoebing_Skjern;2012K3;6451;NA
Ringkoebing_Skjern;2012K4;5506;NA
Ringkoebing_Skjern;2013K1;6195;11596
Ringkoebing_Skjern;2013K2;6135;9402
Ringkoebing_Skjern;2013K3;5988;10378
Ringkoebing_Skjern;2013K4;6553;7105
Ringkoebing_Skjern;2014K1;5923;NA
Ringkoebing_Skjern;2014K2;5999;10621
Ringkoebing_Skjern;2014K3;6009;8394
Ringkoebing_Skjern;2014K4;5680;NA
Ringkoebing_Skjern;2015K1;6554;NA
Ringkoebing_Skjern;2015K2;6258;12504
Ringkoebing_Skjern;2015K3;5468;12714
Ringkoebing_Skjern;2015K4;5892;8997
Ringkoebing_Skjern;2016K1;5547;8472
Ringkoebing_Skjern;2016K2;5986;10146
Ringkoebing_Skjern;2016K3;5967;11222
Ringkoebing_Skjern;2016K4;6274;9679
Ringkoebing_Skjern;2017K1;6280;13585
Ringkoebing_Skjern;2017K2;6419;10437
Ringkoebing_Skjern;2017K3;6618;NA
Ringkoebing_Skjern;2017K4;6341;11279
Ringkoebing_Skjern;2018K1;6665;13396
Ringkoebing_Skjern;2018K2;6688;13941
Ringkoebing_Skjern;2018K3;6347;10948
Ringkoebing_Skjern;2018K4;7147;17245
Ringkoebing_Skjern;2019K1;7109;11935
Ringkoebing_Skjern;2019K2;6737;13517
Ringkoebing_Skjern;2019K3;7109;14042
Ringkoebing_Skjern;2019K4;6676;11901
Ringkoebing_Skjern;2020K1;7165;NA
Ringkoebing_Skjern;2020K2;6495;11498
Ringkoebing_Skjern;2020K3;7314;12791
Ringkoebing_Skjern;2020K4;7295;14036
Ringkoebing_Skjern;2021K1;7250;15484
Ringkoebing_Skjern;2021K2;7461;17601
Ringkoebing_Skjern;2021K3;7503;19548
Ringkoebing_Skjern;2021K4;7548;13841
Ringkoebing_Skjern;2022K1;7054;15995
Ringkoebing_Skjern;2022K2;7236;17831
Ringkoebing_Skjern;2022K3;7190;12448
Ringkoebing_Skjern;2022K4;6919;NA
Ringkoebing_Skjern;2023K1;6800;19437
Ringkoebing_Skjern;2023K2;6504;18031
Ringkoebing_Skjern;2023K3;7420;19096
Ringkoebing_Skjern;2023K4;7701;18545
Ringkoebing_Skjern;2024K1;7538;14748
Ringkoebing_Skjern;2024K2;7901;17500
Ringkoebing_Skjern;2024K3;7404;NA
Ringkoebing_Skjern;2024K4;7722;18566
Silkeborg;1992K1;3828;5280
Silkeborg;1992K2;4182;6281
Silkeborg;1992K3;3822;5975
Silkeborg;1992K4;3773;4931
Silkeborg;1993K1;3790;4693
Silkeborg;1993K2;4173;5235
Silkeborg;1993K3;4185;5461
Silkeborg;1993K4;4052;5173
Silkeborg;1994K1;4185;6921
Silkeborg;1994K2;4253;6427
Silkeborg;1994K3;4106;6263
Silkeborg;1994K4;4202;5149
Silkeborg;1995K1;4195;5519
Silkeborg;1995K2;4174;6180
Silkeborg;1995K3;4480;6233
Silkeborg;1995K4;4683;5856
Silkeborg;1996K1;4775;7118
Silkeborg;1996K2;5102;6282
Silkeborg;1996K3;5118;6261
Silkeborg;1996K4;5318;6254
Silkeborg;1997K1;5382;7187
Silkeborg;1997K2;5622;6226
Silkeborg;1997K3;5556;6994
Silkeborg;1997K4;5868;7284
Silkeborg;1998K1;6357;7740
Silkeborg;1998K2;6499;8199
Silkeborg;1998K3;6470;7708
Silkeborg;1998K4;6123;7352
Silkeborg;1999K1;6532;8057
Silkeborg;1999K2;6679;8553
Silkeborg;1999K3;7051;8460
Silkeborg;1999K4;7130;7755
Silkeborg;2000K1;7284;8770
Silkeborg;2000K2;7198;9243
Silkeborg;2000K3;7275;9495
Silkeborg;2000K4;6779;9279
Silkeborg;2001K1;7157;9362
Silkeborg;2001K2;7423;9871
Silkeborg;2001K3;7200;9786
Silkeborg;2001K4;7143;10139
Silkeborg;2002K1;7354;9006
Silkeborg;2002K2;7586;10024
Silkeborg;2002K3;7369;9793
Silkeborg;2002K4;7457;9842
Silkeborg;2003K1;7422;8675
Silkeborg;2003K2;7407;11810
Silkeborg;2003K3;7861;10425
Silkeborg;2003K4;8056;11335
Silkeborg;2004K1;8356;10782
Silkeborg;2004K2;8141;11787
Silkeborg;2004K3;8186;11808
Silkeborg;2004K4;9002;11553
Silkeborg;2005K1;8971;13471
Silkeborg;2005K2;9050;14636
Silkeborg;2005K3;9771;13854
Silkeborg;2005K4;9761;14357
Silkeborg;2006K1;11861;14824
Silkeborg;2006K2;11116;14306
Silkeborg;2006K3;11735;16517
Silkeborg;2006K4;13824;13572
Silkeborg;2007K1;12896;17806
Silkeborg;2007K2;13250;16692
Silkeborg;2007K3;13562;19188
Silkeborg;2007K4;13124;19831
Silkeborg;2008K1;12949;17929
Silkeborg;2008K2;13461;18148
Silkeborg;2008K3;13897;19573
Silkeborg;2008K4;13121;18356
Silkeborg;2009K1;12200;14860
Silkeborg;2009K2;13103;17160
Silkeborg;2009K3;12221;18608
Silkeborg;2009K4;11800;15286
Silkeborg;2010K1;12614;15981
Silkeborg;2010K2;12287;17057
Silkeborg;2010K3;12085;18850
Silkeborg;2010K4;12497;16993
Silkeborg;2011K1;11736;16958
Silkeborg;2011K2;12238;17533
Silkeborg;2011K3;11811;16513
Silkeborg;2011K4;11375;14903
Silkeborg;2012K1;11559;14745
Silkeborg;2012K2;11561;14623
Silkeborg;2012K3;11913;13836
Silkeborg;2012K4;11692;16258
Silkeborg;2013K1;11895;14624
Silkeborg;2013K2;10702;16901
Silkeborg;2013K3;11750;14948
Silkeborg;2013K4;11401;16070
Silkeborg;2014K1;10785;18014
Silkeborg;2014K2;11879;16145
Silkeborg;2014K3;11572;NA
Silkeborg;2014K4;11264;16975
Silkeborg;2015K1;11608;16422
Silkeborg;2015K2;12457;18019
Silkeborg;2015K3;12004;18003
Silkeborg;2015K4;12512;17088
Silkeborg;2016K1;11929;15060
Silkeborg;2016K2;11479;17352
Silkeborg;2016K3;13145;18562
Silkeborg;2016K4;13045;16167
Silkeborg;2017K1;12577;19791
Silkeborg;2017K2;13108;19708
Silkeborg;2017K3;13471;19319
Silkeborg;2017K4;14238;17173
Silkeborg;2018K1;12995;20662
Silkeborg;2018K2;13190;18034
Silkeborg;2018K3;13629;16445
Silkeborg;2018K4;13480;17066
Silkeborg;2019K1;13477;17734
Silkeborg;2019K2;13835;20197
Silkeborg;2019K3;14429;19439
Silkeborg;2019K4;14127;17762
Silkeborg;2020K1;14011;19449
Silkeborg;2020K2;14652;18293
Silkeborg;2020K3;15202;17655
Silkeborg;2020K4;15326;19108
Silkeborg;2021K1;15237;17900
Silkeborg;2021K2;15904;15872
Silkeborg;2021K3;14979;19717
Silkeborg;2021K4;15721;19213
Silkeborg;2022K1;15650;19358
Silkeborg;2022K2;16031;17344
Silkeborg;2022K3;16731;20517
Silkeborg;2022K4;14948;21262
Silkeborg;2023K1;15628;18945
Silkeborg;2023K2;15426;21121
Silkeborg;2023K3;16646;20181
Silkeborg;2023K4;15745;18416
Silkeborg;2024K1;17190;17617
Silkeborg;2024K2;16474;20755
Silkeborg;2024K3;17189;20316
Silkeborg;2024K4;15740;21864
Vejle;1992K1;3560;4547
Vejle;1992K2;3651;4545
Vejle;1992K3;3714;3871
Vejle;1992K4;3686;4852
Vejle;1993K1;3537;4386
Vejle;1993K2;3832;4946
Vejle;1993K3;3800;4535
Vejle;1993K4;4239;5062
Vejle;1994K1;4010;5647
Vejle;1994K2;4263;4753
Vejle;1994K3;3971;4837
Vejle;1994K4;4039;4127
Vejle;1995K1;4211;4688
Vejle;1995K2;4071;4996
Vejle;1995K3;4087;4620
Vejle;1995K4;4248;5118
Vejle;1996K1;4516;5585
Vejle;1996K2;4790;5212
Vejle;1996K3;4785;5729
Vejle;1996K4;4845;5734
Vejle;1997K1;5277;6082
Vejle;1997K2;5365;6434
Vejle;1997K3;5446;7780
Vejle;1997K4;5684;6535
Vejle;1998K1;5532;4788
Vejle;1998K2;5991;6900
Vejle;1998K3;5636;6677
Vejle;1998K4;5640;6604
Vejle;1999K1;6295;7280
Vejle;1999K2;6518;6834
Vejle;1999K3;6402;7754
Vejle;1999K4;6203;7771
Vejle;2000K1;6586;7802
Vejle;2000K2;6626;6837
Vejle;2000K3;6527;7311
Vejle;2000K4;6525;5995
Vejle;2001K1;7028;7416
Vejle;2001K2;6692;7942
Vejle;2001K3;6969;7824
Vejle;2001K4;6753;8114
Vejle;2002K1;6603;8372
Vejle;2002K2;6631;9142
Vejle;2002K3;7192;8392
Vejle;2002K4;6690;8820
Vejle;2003K1;7075;9110
Vejle;2003K2;6846;9235
Vejle;2003K3;7410;8952
Vejle;2003K4;6991;8790
Vejle;2004K1;7307;8880
Vejle;2004K2;7480;9373
Vejle;2004K3;7909;10504
Vejle;2004K4;8193;9443
Vejle;2005K1;8145;11144
Vejle;2005K2;8706;11354
Vejle;2005K3;9039;11133
Vejle;2005K4;9193;11750
Vejle;2006K1;9752;12343
Vejle;2006K2;10070;13841
Vejle;2006K3;10774;13345
Vejle;2006K4;11412;14157
Vejle;2007K1;10949;14541
Vejle;2007K2;11763;14736
Vejle;2007K3;11871;13690
Vejle;2007K4;12779;15444
Vejle;2008K1;11312;14511
Vejle;2008K2;12288;13112
Vejle;2008K3;11788;15354
Vejle;2008K4;11561;13282
Vejle;2009K1;10717;14377
Vejle;2009K2;12010;13607
Vejle;2009K3;10743;15126
Vejle;2009K4;11192;13012
Vejle;2010K1;10620;12931
Vejle;2010K2;11212;15716
Vejle;2010K3;10911;13179
Vejle;2010K4;11253;11869
Vejle;2011K1;11128;12881
Vejle;2011K2;11043;14835
Vejle;2011K3;10817;13988
Vejle;2011K4;9813;12184
Vejle;2012K1;10165;13110
Vejle;2012K2;10045;14477
Vejle;2012K3;10272;12961
Vejle;2012K4;9854;14750
Vejle;2013K1;10125;10640
Vejle;2013K2;10558;16821
Vejle;2013K3;10121;12043
Vejle;2013K4;9357;10592
Vejle;2014K1;9357;11005
Vejle;2014K2;10086;14535
Vejle;2014K3;10123;12873
Vejle;2014K4;9729;12053
Vejle;2015K1;10594;13248
Vejle;2015K2;10825;13078
Vejle;2015K3;10439;15231
Vejle;2015K4;10661;14077
Vejle;2016K1;10244;14714
Vejle;2016K2;10801;12949
Vejle;2016K3;11182;14443
Vejle;2016K4;10568;13701
Vejle;2017K1;10677;13155
Vejle;2017K2;11140;14040
Vejle;2017K3;11365;16230
Vejle;2017K4;11529;16999
Vejle;2018K1;11776;15491
Vejle;2018K2;11848;16744
Vejle;2018K3;11270;16791
Vejle;2018K4;11182;16940
Vejle;2019K1;11524;18272
Vejle;2019K2;11869;15881
Vejle;2019K3;11660;17157
Vejle;2019K4;11801;17645
Vejle;2020K1;11851;17847
Vejle;2020K2;11784;16291
Vejle;2020K3;12649;17786
Vejle;2020K4;12918;18265
Vejle;2021K1;12661;20525
Vejle;2021K2;13972;19564
Vejle;2021K3;13048;19230
Vejle;2021K4;13635;17499
Vejle;2022K1;13147;19166
Vejle;2022K2;13886;20364
Vejle;2022K3;12799;22755
Vejle;2022K4;12345;17658
Vejle;2023K1;13553;16846
Vejle;2023K2;13512;18809
Vejle;2023K3;13619;18478
Vejle;2023K4;12852;19628
Vejle;2024K1;13039;21050
Vejle;2024K2;13591;19483
Vejle;2024K3;13853;23886
Vejle;2024K4;13765;18599
Esbjerg;1992K1;3879;4979
Esbjerg;1992K2;3894;4812
Esbjerg;1992K3;3800;4736
Esbjerg;1992K4;4106;4320
Esbjerg;1993K1;3674;4831
Esbjerg;1993K2;4123;5799
Esbjerg;1993K3;4343;5032
Esbjerg;1993K4;4332;4869
Esbjerg;1994K1;4542;5300
Esbjerg;1994K2;4481;5430
Esbjerg;1994K3;4541;5110
Esbjerg;1994K4;4602;5453
Esbjerg;1995K1;4343;4950
Esbjerg;1995K2;4675;5389
Esbjerg;1995K3;4716;5278
Esbjerg;1995K4;4849;5206
Esbjerg;1996K1;4926;5031
Esbjerg;1996K2;5228;5396
Esbjerg;1996K3;5223;5394
Esbjerg;1996K4;5215;5566
Esbjerg;1997K1;5546;5717
Esbjerg;1997K2;5617;5982
Esbjerg;1997K3;5592;5975
Esbjerg;1997K4;5897;5933
Esbjerg;1998K1;6007;6076
Esbjerg;1998K2;6166;6445
Esbjerg;1998K3;5846;5920
Esbjerg;1998K4;6395;6347
Esbjerg;1999K1;6279;6356
Esbjerg;1999K2;6354;6453
Esbjerg;1999K3;6301;6620
Esbjerg;1999K4;6280;6326
Esbjerg;2000K1;6233;6866
Esbjerg;2000K2;6365;6470
Esbjerg;2000K3;6659;6972
Esbjerg;2000K4;6542;6886
Esbjerg;2001K1;6583;6474
Esbjerg;2001K2;6676;7237
Esbjerg;2001K3;6310;7283
Esbjerg;2001K4;6252;7164
Esbjerg;2002K1;6789;7339
Esbjerg;2002K2;6336;6803
Esbjerg;2002K3;6367;7148
Esbjerg;2002K4;6339;7548
Esbjerg;2003K1;6407;7126
Esbjerg;2003K2;6398;7728
Esbjerg;2003K3;6646;7879
Esbjerg;2003K4;6618;7704
Esbjerg;2004K1;6953;8045
Esbjerg;2004K2;7036;8349
Esbjerg;2004K3;7238;8666
Esbjerg;2004K4;7566;9024
Esbjerg;2005K1;7825;9254
Esbjerg;2005K2;8039;9274
Esbjerg;2005K3;7648;9731
Esbjerg;2005K4;8422;10786
Esbjerg;2006K1;9158;11146
Esbjerg;2006K2;9012;12010
Esbjerg;2006K3;9249;11440
Esbjerg;2006K4;9743;12497
Esbjerg;2007K1;10260;12658
Esbjerg;2007K2;10238;12981
Esbjerg;2007K3;10855;11446
Esbjerg;2007K4;11027;12737
Esbjerg;2008K1;10854;12359
Esbjerg;2008K2;11271;12442
Esbjerg;2008K3;10591;12629
Esbjerg;2008K4;10434;13011
Esbjerg;2009K1;10335;11675
Esbjerg;2009K2;10354;11839
Esbjerg;2009K3;10397;12888
Esbjerg;2009K4;9841;11498
Esbjerg;2010K1;10184;11732
Esbjerg;2010K2;11321;12023
Esbjerg;2010K3;10776;11403
Esbjerg;2010K4;10273;11783
Esbjerg;2011K1;10473;10888
Esbjerg;2011K2;11114;11797
Esbjerg;2011K3;10413;11671
Esbjerg;2011K4;9769;11072
Esbjerg;2012K1;10088;11192
Esbjerg;2012K2;10268;11785
Esbjerg;2012K3;9809;11595
Esbjerg;2012K4;10054;11294
Esbjerg;2013K1;9649;12589
Esbjerg;2013K2;10163;12811
Esbjerg;2013K3;10657;12636
Esbjerg;2013K4;9882;11857
Esbjerg;2014K1;10335;12460
Esbjerg;2014K2;10284;12867
Esbjerg;2014K3;10412;11833
Esbjerg;2014K4;10526;12548
Esbjerg;2015K1;10054;12560
Esbjerg;2015K2;10507;12760
Esbjerg;2015K3;10317;12876
Esbjerg;2015K4;10424;13148
Esbjerg;2016K1;11102;13472
Esbjerg;2016K2;11551;13287
Esbjerg;2016K3;10606;12548
Esbjerg;2016K4;11286;13290
Esbjerg;2017K1;11280;13096
Esbjerg;2017K2;11933;14778
Esbjerg;2017K3;11815;14699
Esbjerg;2017K4;11120;14999
Esbjerg;2018K1;11529;15390
Esbjerg;2018K2;11251;15559
Esbjerg;2018K3;11458;16817
Esbjerg;2018K4;11683;14720
Esbjerg;2019K1;11517;16504
Esbjerg;2019K2;12202;15390
Esbjerg;2019K3;12678;16203
Esbjerg;2019K4;12266;16339
Esbjerg;2020K1;12167;16211
Esbjerg;2020K2;12075;14922
Esbjerg;2020K3;12293;16101
Esbjerg;2020K4;11972;16297
Esbjerg;2021K1;12709;16310
Esbjerg;2021K2;13329;17470
Esbjerg;2021K3;12770;17978
Esbjerg;2021K4;13274;17687
Esbjerg;2022K1;12917;16937
Esbjerg;2022K2;13558;16543
Esbjerg;2022K3;13632;18427
Esbjerg;2022K4;12411;17182
Esbjerg;2023K1;13309;16076
Esbjerg;2023K2;13291;16308
Esbjerg;2023K3;12820;17956
Esbjerg;2023K4;13323;16924
Esbjerg;2024K1;12762;16451
Esbjerg;2024K2;13526;16807
Esbjerg;2024K3;12690;15608
Esbjerg;2024K4;12190;16397
Soenderborg;1992K1;3529;3851
Soenderborg;1992K2;3663;3359
Soenderborg;1992K3;3669;4684
Soenderborg;1992K4;3495;4043
Soenderborg;1993K1;3529;3893
Soenderborg;1993K2;3445;3519
Soenderborg;1993K3;3759;3595
Soenderborg;1993K4;3984;3618
Soenderborg;1994K1;3739;4124
Soenderborg;1994K2;4083;3786
Soenderborg;1994K3;4070;4354
Soenderborg;1994K4;3890;4251
Soenderborg;1995K1;4011;4181
Soenderborg;1995K2;4291;4662
Soenderborg;1995K3;4132;5432
Soenderborg;1995K4;4589;4485
Soenderborg;1996K1;4557;4068
Soenderborg;1996K2;4582;4370
Soenderborg;1996K3;4569;3929
Soenderborg;1996K4;4525;4420
Soenderborg;1997K1;4613;4000
Soenderborg;1997K2;4979;4810
Soenderborg;1997K3;5083;4567
Soenderborg;1997K4;4937;4858
Soenderborg;1998K1;5437;5399
Soenderborg;1998K2;4723;5429
Soenderborg;1998K3;4641;5423
Soenderborg;1998K4;4945;5293
Soenderborg;1999K1;5244;5426
Soenderborg;1999K2;5538;5608
Soenderborg;1999K3;5571;6094
Soenderborg;1999K4;5437;5306
Soenderborg;2000K1;5374;5541
Soenderborg;2000K2;5830;5940
Soenderborg;2000K3;5380;5263
Soenderborg;2000K4;6027;5619
Soenderborg;2001K1;6033;6198
Soenderborg;2001K2;5810;6087
Soenderborg;2001K3;6012;5562
Soenderborg;2001K4;6016;5551
Soenderborg;2002K1;5912;6365
Soenderborg;2002K2;5878;6301
Soenderborg;2002K3;5744;5567
Soenderborg;2002K4;5750;6179
Soenderborg;2003K1;5754;7307
Soenderborg;2003K2;6325;6882
Soenderborg;2003K3;6217;5726
Soenderborg;2003K4;5466;7899
Soenderborg;2004K1;6103;7085
Soenderborg;2004K2;6316;9065
Soenderborg;2004K3;6725;8289
Soenderborg;2004K4;6845;8404
Soenderborg;2005K1;6760;9968
Soenderborg;2005K2;7186;9544
Soenderborg;2005K3;6798;9949
Soenderborg;2005K4;6934;9763
Soenderborg;2006K1;7366;9717
Soenderborg;2006K2;7816;10371
Soenderborg;2006K3;8201;13653
Soenderborg;2006K4;7860;12178
Soenderborg;2007K1;7745;15142
Soenderborg;2007K2;8294;14352
Soenderborg;2007K3;9005;12533
Soenderborg;2007K4;8362;11140
Soenderborg;2008K1;8597;13189
Soenderborg;2008K2;8551;13706
Soenderborg;2008K3;8415;19217
Soenderborg;2008K4;8957;NA
Soenderborg;2009K1;7641;14773
Soenderborg;2009K2;9242;14758
Soenderborg;2009K3;7863;12654
Soenderborg;2009K4;8307;13372
Soenderborg;2010K1;7518;12227
Soenderborg;2010K2;8926;11826
Soenderborg;2010K3;7874;13521
Soenderborg;2010K4;7910;13988
Soenderborg;2011K1;8245;13235
Soenderborg;2011K2;8153;12515
Soenderborg;2011K3;7448;13320
Soenderborg;2011K4;8355;11847
Soenderborg;2012K1;7420;10801
Soenderborg;2012K2;6996;13645
Soenderborg;2012K3;7674;11082
Soenderborg;2012K4;7430;15365
Soenderborg;2013K1;6804;15310
Soenderborg;2013K2;7321;12730
Soenderborg;2013K3;7308;15375
Soenderborg;2013K4;7268;12299
Soenderborg;2014K1;6877;11042
Soenderborg;2014K2;6962;13566
Soenderborg;2014K3;7083;13405
Soenderborg;2014K4;7413;10671
Soenderborg;2015K1;7472;14804
Soenderborg;2015K2;7536;14181
Soenderborg;2015K3;7279;14195
Soenderborg;2015K4;7212;10380
Soenderborg;2016K1;7315;12834
Soenderborg;2016K2;7273;12803
Soenderborg;2016K3;7802;15263
Soenderborg;2016K4;7853;12112
Soenderborg;2017K1;7438;12473
Soenderborg;2017K2;7737;9480
Soenderborg;2017K3;7620;12906
Soenderborg;2017K4;7187;13215
Soenderborg;2018K1;7119;16392
Soenderborg;2018K2;7782;14874
Soenderborg;2018K3;7654;14198
Soenderborg;2018K4;8166;13181
Soenderborg;2019K1;7255;11627
Soenderborg;2019K2;7852;14972
Soenderborg;2019K3;8261;15013
Soenderborg;2019K4;8164;16907
Soenderborg;2020K1;7023;10056
Soenderborg;2020K2;7958;10138
Soenderborg;2020K3;8595;13319
Soenderborg;2020K4;8332;12851
Soenderborg;2021K1;8699;13681
Soenderborg;2021K2;8862;13722
Soenderborg;2021K3;8684;13380
Soenderborg;2021K4;8656;12280
Soenderborg;2022K1;8604;12579
Soenderborg;2022K2;8364;15056
Soenderborg;2022K3;9232;20515
Soenderborg;2022K4;8486;14908
Soenderborg;2023K1;8388;14540
Soenderborg;2023K2;8321;16688
Soenderborg;2023K3;8871;16013
Soenderborg;2023K4;8958;18011
Soenderborg;2024K1;9152;17987
Soenderborg;2024K2;9354;16770
Soenderborg;2024K3;8970;16042
Soenderborg;2024K4;9507;16071
Toender;1992K1;2734;NA
Toender;1992K2;2780;NA
Toender;1992K3;2935;NA
Toender;1992K4;2724;NA
Toender;1993K1;2784;NA
Toender;1993K2;2837;NA
Toender;1993K3;2993;NA
Toender;1993K4;3037;NA
Toender;1994K1;2920;NA
Toender;1994K2;2931;NA
Toender;1994K3;3174;NA
Toender;1994K4;3302;NA
Toender;1995K1;2975;NA
Toender;1995K2;3127;NA
Toender;1995K3;3030;NA
Toender;1995K4;3244;NA
Toender;1996K1;3149;NA
Toender;1996K2;3205;NA
Toender;1996K3;3159;NA
Toender;1996K4;3663;NA
Toender;1997K1;3482;NA
Toender;1997K2;3287;NA
Toender;1997K3;3467;NA
Toender;1997K4;3216;NA
Toender;1998K1;3646;NA
Toender;1998K2;3942;NA
Toender;1998K3;3497;NA
Toender;1998K4;3713;NA
Toender;1999K1;3737;NA
Toender;1999K2;4014;NA
Toender;1999K3;4043;NA
Toender;1999K4;3706;NA
Toender;2000K1;3902;NA
Toender;2000K2;4201;NA
Toender;2000K3;3854;NA
Toender;2000K4;3911;NA
Toender;2001K1;4129;NA
Toender;2001K2;4064;NA
Toender;2001K3;3883;NA
Toender;2001K4;4554;NA
Toender;2002K1;4050;NA
Toender;2002K2;4136;NA
Toender;2002K3;4182;NA
Toender;2002K4;4217;NA
Toender;2003K1;4486;NA
Toender;2003K2;4179;NA
Toender;2003K3;4305;NA
Toender;2003K4;4210;NA
Toender;2004K1;4540;NA
Toender;2004K2;4360;NA
Toender;2004K3;4011;NA
Toender;2004K4;4469;NA
Toender;2005K1;4348;NA
Toender;2005K2;4919;10506
Toender;2005K3;4389;NA
Toender;2005K4;4791;NA
Toender;2006K1;5063;NA
Toender;2006K2;5466;NA
Toender;2006K3;5049;NA
Toender;2006K4;4685;NA
Toender;2007K1;5310;NA
Toender;2007K2;5488;14120
Toender;2007K3;5780;NA
Toender;2007K4;6310;NA
Toender;2008K1;5627;NA
Toender;2008K2;5536;NA
Toender;2008K3;5682;11687
Toender;2008K4;5704;NA
Toender;2009K1;5917;NA
Toender;2009K2;5749;NA
Toender;2009K3;5597;NA
Toender;2009K4;5620;NA
Toender;2010K1;5934;NA
Toender;2010K2;5704;NA
Toender;2010K3;5866;10332
Toender;2010K4;6155;NA
Toender;2011K1;5723;NA
Toender;2011K2;6004;NA
Toender;2011K3;4872;NA
Toender;2011K4;5099;11675
Toender;2012K1;4188;NA
Toender;2012K2;5530;7329
Toender;2012K3;4961;NA
Toender;2012K4;4935;10981
Toender;2013K1;4860;NA
Toender;2013K2;4471;10044
Toender;2013K3;4960;11035
Toender;2013K4;4703;NA
Toender;2014K1;5519;NA
Toender;2014K2;5506;9585
Toender;2014K3;5510;12426
Toender;2014K4;4432;NA
Toender;2015K1;4857;9570
Toender;2015K2;4333;NA
Toender;2015K3;5504;9870
Toender;2015K4;4364;NA
Toender;2016K1;4605;10664
Toender;2016K2;4108;12137
Toender;2016K3;4216;9323
Toender;2016K4;4598;9437
Toender;2017K1;4219;NA
Toender;2017K2;5085;11037
Toender;2017K3;4507;12255
Toender;2017K4;4620;9957
Toender;2018K1;5467;7141
Toender;2018K2;4549;8572
Toender;2018K3;5137;NA
Toender;2018K4;4732;10842
Toender;2019K1;4315;8942
Toender;2019K2;5177;12168
Toender;2019K3;4775;10190
Toender;2019K4;5415;10985
Toender;2020K1;5509;8116
Toender;2020K2;4519;9998
Toender;2020K3;4916;11679
Toender;2020K4;5314;11561
Toender;2021K1;5309;9415
Toender;2021K2;5401;13608
Toender;2021K3;5307;9739
Toender;2021K4;5280;12935
Toender;2022K1;5521;12961
Toender;2022K2;5456;11392
Toender;2022K3;5141;13816
Toender;2022K4;5766;10697
Toender;2023K1;5468;9461
Toender;2023K2;5896;11734
Toender;2023K3;5349;9946
Toender;2023K4;5678;11146
Toender;2024K1;6093;11706
Toender;2024K2;5511;12495
Toender;2024K3;5595;10768
Toender;2024K4;6259;14118
